brand,model,submodel,year,gear,engine,color,mileage,price,dateRecorded,source,sourceType,sourceUrl,externalId,series_auto,trim_auto
HONDA,,,2023.0,ekiiyr``ot,,khaaw,20000.0,1259000.0,2025-11-26,taladrod,marketplace,,,,
TOYOTA,,,2023.0,ekiiyr``ot,,ethaa,51000.0,469000.0,2025-11-26,taladrod,marketplace,,,,
MINI,,,2016.0,ekiiyr``ot,,aedng,106000.0,680000.0,2025-11-26,taladrod,marketplace,,,,
BMW,,,2022.0,ekiiyr``ot,,khaaw,64000.0,1999000.0,2025-11-26,taladrod,marketplace,,,,
FORD,,,2023.0,ekiiyr``ot,,namtaal,35000.0,1299000.0,2025-11-26,taladrod,marketplace,,,,
CHEVROLET,,,2013.0,ekiiyr``ot,,namtaal,180000.0,158000.0,2025-11-26,taladrod,marketplace,,,,
MAZDA,,,2020.0,ekiiyr``ot,,ethaa,100000.0,589000.0,2025-11-26,taladrod,marketplace,,,,
TOYOTA,,,2016.0,ekiiyr``ot,,ethaa,182000.0,488000.0,2025-11-26,taladrod,marketplace,,,,
MITSUBISHI,,,2020.0,ekiiyrthrrmdaa,,ethaa,59990.0,355000.0,2025-11-26,taladrod,marketplace,,,,
ISUZU,,,2019.0,ekiiyr``ot,,khaaw,129661.0,839000.0,2025-11-26,taladrod,marketplace,,,,
ISUZU,,,2019.0,ekiiyr``ot,,aedng,182820.0,489000.0,2025-11-26,taladrod,marketplace,,,,
MAZDA,,,2019.0,ekiiyr``ot,,ethaa,61650.0,345000.0,2025-11-26,taladrod,marketplace,,,,
MG,,,2017.0,ekiiyr``ot,,namtaal,70000.0,215000.0,2025-11-26,taladrod,marketplace,,,,
PORSCHE,,,2014.0,ekiiyr``ot,,khaaw,50000.0,2590000.0,2025-11-26,taladrod,marketplace,,,,
MITSUBISHI,,,2016.0,ekiiyrthrrmdaa,,ethaa,35820.0,315000.0,2025-11-26,taladrod,marketplace,,,,
BENZ,,,2009.0,ekiiyr``ot,,khaaw,143005.0,399000.0,2025-11-26,taladrod,marketplace,,,,
TOYOTA,,,2020.0,ekiiyr``ot,,khaaw,70000.0,379000.0,2025-11-26,taladrod,marketplace,,,,
TOYOTA,,,2014.0,ekiiyr``ot,,khaaw,120000.0,319000.0,2025-11-26,taladrod,marketplace,,,,
TOYOTA,,,2020.0,ekiiyr``ot,,dam,120000.0,839000.0,2025-11-26,taladrod,marketplace,,,,
MAZDA,,,2019.0,ekiiyr``ot,,ethaa,130000.0,339000.0,2025-11-26,taladrod,marketplace,,,,
MAZDA,,,2019.0,ekiiyr``ot,,ethaa,70000.0,329000.0,2025-11-26,taladrod,marketplace,,,,
CHEVROLET,,,2012.0,ekiiyr``ot,,ethaa,80000.0,219000.0,2025-11-26,taladrod,marketplace,,,,
TOYOTA,,,2020.0,ekiiyr``ot,,khaaw,74000.0,1250000.0,2025-11-26,taladrod,marketplace,,,,
HONDA,,,2023.0,ekiiyr``ot,,dam,25000.0,889000.0,2025-11-26,taladrod,marketplace,,,,
BMW,,,2017.0,ekiiyr``ot,,khaaw,50000.0,678000.0,2025-11-26,taladrod,marketplace,,,,
TOYOTA,,,2023.0,ekiiyr``ot,,khaaw,87000.0,2098000.0,2025-11-26,taladrod,marketplace,,,,
TOYOTA,,,2016.0,ekiiyr``ot,,khaaw,180000.0,1465000.0,2025-11-26,taladrod,marketplace,,,,
BENZ,,,2008.0,ekiiyr``ot,,br`nchengin,246000.0,278000.0,2025-11-26,taladrod,marketplace,,,,
TOYOTA,,,2014.0,ekiiyr``ot,,khaaw,230000.0,385000.0,2025-11-26,taladrod,marketplace,,,,
TOYOTA,,,2014.0,ekiiyr``ot,,br`nchengin,280000.0,249000.0,2025-11-26,taladrod,marketplace,,,,
BMW,,,2016.0,ekiiyr``ot,,dam,165000.0,1090000.0,2025-11-26,taladrod,marketplace,,,,
HONDA,,,2022.0,ekiiyr``ot,,br`nchengin,80000.0,659000.0,2025-11-26,taladrod,marketplace,,,,
BMW,,,2017.0,ekiiyr``ot,,ethaa,138120.0,999000.0,2025-11-26,taladrod,marketplace,,,,
BMW,,,2021.0,ekiiyr``ot,,khaaw,108000.0,2490000.0,2025-11-26,taladrod,marketplace,,,,
PEUGEOT,,,2020.0,ekiiyr``ot,,khaaw,88000.0,719000.0,2025-11-26,taladrod,marketplace,,,,
HONDA,,,2019.0,ekiiyr``ot,,br`nchengin,160000.0,729000.0,2025-11-26,taladrod,marketplace,,,,
TOYOTA,,,2020.0,ekiiyr``ot,,khaaw,86000.0,2250000.0,2025-11-26,taladrod,marketplace,,,,
TOYOTA,,,2021.0,ekiiyr``ot,,ethaa,70000.0,419000.0,2025-11-26,taladrod,marketplace,,,,
NISSAN,,,2020.0,ekiiyr``ot,,aedng,78000.0,339000.0,2025-11-26,taladrod,marketplace,,,,
BMW,,,2019.0,ekiiyr``ot,,khaaw,95790.0,999000.0,2025-11-26,taladrod,marketplace,,,,
VOLVO,,,2020.0,ekiiyr``ot,,dam,174000.0,930000.0,2025-11-26,taladrod,marketplace,,,,
KIA,,,2017.0,ekiiyrthrrmdaa,,khaaw,190000.0,159000.0,2025-11-26,taladrod,marketplace,,,,
BMW,,,2022.0,ekiiyr``ot,,dam,53000.0,1690000.0,2025-11-26,taladrod,marketplace,,,,
BMW,,,2022.0,ekiiyr``ot,,khaaw,19000.0,3690000.0,2025-11-26,taladrod,marketplace,,,,
TOYOTA,,,2023.0,ekiiyr``ot,,khaaw,15130.0,1550000.0,2025-11-26,taladrod,marketplace,,,,
TOYOTA,,,2023.0,ekiiyr``ot,,khaaw,21000.0,519000.0,2025-11-26,taladrod,marketplace,,,,
TOYOTA,,,2016.0,ekiiyr``ot,,khaaw,180000.0,299000.0,2025-11-26,taladrod,marketplace,,,,
AUDI,,,2023.0,ekiiyr``ot,,ehluue`ng,9000.0,3790000.0,2025-11-26,taladrod,marketplace,,,,
HONDA,,,2023.0,ekiiyr``ot,,khaaw,56833.0,759000.0,2025-11-26,taladrod,marketplace,,,,
BMW,,,1991.0,ekiiyr``ot,,namengin,190000.0,99000.0,2025-11-26,taladrod,marketplace,,,,
NISSAN,,,2019.0,ekiiyr``ot,,aedng,180900.0,290000.0,2025-11-26,taladrod,marketplace,,,,
MAZDA,,,2013.0,ekiiyr``ot,,khaaw,74802.0,195000.0,2025-11-26,taladrod,marketplace,,,,
PORSCHE,,,2018.0,ekiiyr``ot,,ethaa,58000.0,3490000.0,2025-11-26,taladrod,marketplace,,,,
BMW,,,2009.0,ekiiyr``ot,,khaaw,125000.0,990000.0,2025-11-26,taladrod,marketplace,,,,
FORD,,,2016.0,ekiiyr``ot,,aedng,70000.0,1650000.0,2025-11-26,taladrod,marketplace,,,,
TOYOTA,,,2013.0,ekiiyr``ot,,br`nchengin,73000.0,795000.0,2025-11-26,taladrod,marketplace,,,,
BMW,,,2021.0,ekiiyr``ot,,khaaw,60000.0,2750000.0,2025-11-26,taladrod,marketplace,,,,
TOYOTA,,,2022.0,ekiiyr``ot,,dam,50000.0,2550000.0,2025-11-26,taladrod,marketplace,,,,
BMW,,,2012.0,ekiiyr``ot,,khaaw,147000.0,699000.0,2025-11-26,taladrod,marketplace,,,,
BENZ,,,2019.0,ekiiyr``ot,,dam,59000.0,859000.0,2025-11-26,taladrod,marketplace,,,,
TOYOTA,,,2015.0,ekiiyr``ot,,dam,48000.0,2590000.0,2025-11-26,taladrod,marketplace,,,,
TOYOTA,,,2015.0,ekiiyr``ot,,dam,171126.0,1290000.0,2025-11-26,taladrod,marketplace,,,,
NISSAN,,,2017.0,ekiiyr``ot,,ekhiiyw,54000.0,399000.0,2025-11-26,taladrod,marketplace,,,,
BMW,,,2024.0,ekiiyr``ot,,khaaw,13000.0,5190000.0,2025-11-26,taladrod,marketplace,,,,
TOYOTA,,,2015.0,ekiiyr``ot,,dam,190000.0,439000.0,2025-11-26,taladrod,marketplace,,,,
TOYOTA,,,2020.0,ekiiyr``ot,,br`nchengin,130000.0,379000.0,2025-11-26,taladrod,marketplace,,,,
TOYOTA,,,2020.0,ekiiyrthrrmdaa,,khaaw,50688.0,339000.0,2025-11-26,taladrod,marketplace,,,,
TOYOTA,,,2025.0,ekiiyr``ot,,ethaa,2000.0,799000.0,2025-11-26,taladrod,marketplace,,,,
FORD,,,2015.0,ekiiyrthrrmdaa,,dam,280752.0,239000.0,2025-11-26,taladrod,marketplace,,,,
MG,,,2023.0,ekiiyr``ot,,khaaw,18000.0,539000.0,2025-11-26,taladrod,marketplace,,,,
FORD,,,2023.0,ekiiyr``ot,,khaaw,61000.0,1359000.0,2025-11-26,taladrod,marketplace,,,,
NISSAN,,,2010.0,ekiiyr``ot,,khaaw,183000.0,129000.0,2025-11-26,taladrod,marketplace,,,,
TOYOTA,,,2024.0,ekiiyr``ot,,khaaw,9600.0,499000.0,2025-11-26,taladrod,marketplace,,,,
MG,,,2016.0,ekiiyr``ot,,ehluue`ng,44000.0,129000.0,2025-11-26,taladrod,marketplace,,,,
HONDA,,,2019.0,ekiiyr``ot,,dam,58000.0,579000.0,2025-11-26,taladrod,marketplace,,,,
FORD,,,2019.0,ekiiyr``ot,,khaaw,128000.0,789000.0,2025-11-26,taladrod,marketplace,,,,
BMW,,,2021.0,ekiiyr``ot,,khaaw,77000.0,1229000.0,2025-11-26,taladrod,marketplace,,,,
HONDA,,,2023.0,ekiiyr``ot,,ethaa,54000.0,509000.0,2025-11-26,taladrod,marketplace,,,,
HONDA,,,2015.0,ekiiyr``ot,,ethaa,72000.0,439000.0,2025-11-26,taladrod,marketplace,,,,
FORD,,,2018.0,ekiiyr``ot,,khaaw,199500.0,679000.0,2025-11-26,taladrod,marketplace,,,,
BMW,,,2019.0,ekiiyr``ot,,khaaw,240000.0,999000.0,2025-11-26,taladrod,marketplace,,,,
TOYOTA,,,2022.0,ekiiyr``ot,,khaaw,63000.0,888000.0,2025-11-26,taladrod,marketplace,,,,
TOYOTA,,,2022.0,ekiiyr``ot,,khaaw,57688.0,699000.0,2025-11-26,taladrod,marketplace,,,,
NISSAN,,,2014.0,ekiiyr``ot,,khaaw,150000.0,219000.0,2025-11-26,taladrod,marketplace,,,,
TOYOTA,,,2011.0,ekiiyr``ot,,ethaa,147000.0,259000.0,2025-11-26,taladrod,marketplace,,,,
HONDA,,,2010.0,ekiiyr``ot,,khaaw,250733.0,199000.0,2025-11-26,taladrod,marketplace,,,,
TOYOTA,,,2018.0,ekiiyr``ot,,khaaw,120000.0,1990000.0,2025-11-26,taladrod,marketplace,,,,
BMW,,,2018.0,ekiiyr``ot,,br`nchengin,38000.0,1199000.0,2025-11-26,taladrod,marketplace,,,,
TOYOTA,,,2024.0,ekiiyr``ot,,khaaw,11000.0,489000.0,2025-11-26,taladrod,marketplace,,,,
HONDA,,,2002.0,ekiiyr``ot,,faa,194064.0,99000.0,2025-11-26,taladrod,marketplace,,,,
MITSUBISHI,,,2019.0,ekiiyr``ot,,khaaw,72488.0,839000.0,2025-11-26,taladrod,marketplace,,,,
BENZ,,,2018.0,ekiiyr``ot,,ethaa,80722.0,750000.0,2025-11-26,taladrod,marketplace,,,,
TOYOTA,,,2020.0,ekiiyrthrrmdaa,,ethaa,64000.0,375000.0,2025-11-26,taladrod,marketplace,,,,
HONDA,,,2013.0,ekiiyr``ot,,ethaa,142500.0,195000.0,2025-11-26,taladrod,marketplace,,,,
TOYOTA,,,2017.0,ekiiyrthrrmdaa,,ethaa,180000.0,959000.0,2025-11-26,taladrod,marketplace,,,,
SUBARU,,,2016.0,ekiiyr``ot,,faa,89021.0,858000.0,2025-11-26,taladrod,marketplace,,,,
BMW,,,2017.0,ekiiyr``ot,,dam,100793.0,1699000.0,2025-11-26,taladrod,marketplace,,,,
FORD,,,2022.0,ekiiyrthrrmdaa,,ethaa,36489.0,599000.0,2025-11-26,taladrod,marketplace,,,,
HONDA,,,2012.0,ekiiyr``ot,,ethaa,81000.0,185000.0,2025-11-26,taladrod,marketplace,,,,
TOYOTA,,,2020.0,ekiiyr``ot,,khaaw,117115.0,858000.0,2025-11-26,taladrod,marketplace,,,,
ISUZU,,,2024.0,ekiiyrthrrmdaa,,ethaa,8996.0,639000.0,2025-11-26,taladrod,marketplace,,,,
HONDA,,,2016.0,ekiiyr``ot,,namengin,220200.0,469000.0,2025-11-26,taladrod,marketplace,,,,
NISSAN,,,2014.0,ekiiyrthrrmdaa,,dam,177000.0,179000.0,2025-11-26,taladrod,marketplace,,,,
TOYOTA,,,2025.0,ekiiyrthrrmdaa,,khaaw,9003.0,549000.0,2025-11-26,taladrod,marketplace,,,,
NISSAN,,,2013.0,ekiiyr``ot,,namtaal,209000.0,125000.0,2025-11-26,taladrod,marketplace,,,,
TOYOTA,,,2019.0,ekiiyrthrrmdaa,,khaaw,95000.0,259000.0,2025-11-26,taladrod,marketplace,,,,
AUDI,,,2019.0,ekiiyr``ot,,ethaa,90000.0,1190000.0,2025-11-26,taladrod,marketplace,,,,
TOYOTA,,,2022.0,ekiiyr``ot,,khaaw,161487.0,679000.0,2025-11-26,taladrod,marketplace,,,,
VOLVO,,,2023.0,ekiiyr``ot,,faa,20000.0,1499000.0,2025-11-26,taladrod,marketplace,,,,
HONDA,,,2017.0,ekiiyr``ot,,ethaa,157624.0,519000.0,2025-11-26,taladrod,marketplace,,,,
FORD,,,2019.0,ekiiyr``ot,,dam,78000.0,629000.0,2025-11-26,taladrod,marketplace,,,,
SUBARU,,,2022.0,ekiiyr``ot,,faa,80000.0,678000.0,2025-11-26,taladrod,marketplace,,,,
TOYOTA,,,2017.0,ekiiyr``ot,,khaaw,224995.0,449000.0,2025-11-26,taladrod,marketplace,,,,
HONDA,,,2010.0,ekiiyr``ot,,khaaw,110000.0,269000.0,2025-11-26,taladrod,marketplace,,,,
BENZ,,,2011.0,ekiiyr``ot,,br`nchengin,90000.0,629000.0,2025-11-26,taladrod,marketplace,,,,
VOLKSWAGEN,,,2014.0,ekiiyr``ot,,ehluue`ng,80000.0,899000.0,2025-11-26,taladrod,marketplace,,,,
JEEP,,,2012.0,ekiiyr``ot,,dam,97000.0,2550000.0,2025-11-26,taladrod,marketplace,,,,
TOYOTA,,,2016.0,ekiiyr``ot,,dam,194976.0,720000.0,2025-11-26,taladrod,marketplace,,,,
TOYOTA,,,2019.0,ekiiyr``ot,,khaaw,78000.0,468000.0,2025-11-26,taladrod,marketplace,,,,
TOYOTA,,,2024.0,ekiiyr``ot,,dam,9100.0,1869000.0,2025-11-26,taladrod,marketplace,,,,
HONDA,,,2021.0,ekiiyr``ot,,br`nchengin,52000.0,929000.0,2025-11-26,taladrod,marketplace,,,,
HYUNDAI,,,2019.0,ekiiyr``ot,,ethaa,80190.0,944000.0,2025-11-26,taladrod,marketplace,,,,
TOYOTA,,,2020.0,ekiiyr``ot,,khaaw,74000.0,389000.0,2025-11-26,taladrod,marketplace,,,,
TOYOTA,,,2018.0,ekiiyrthrrmdaa,,ethaa,60000.0,379000.0,2025-11-26,taladrod,marketplace,,,,
HONDA,,,2021.0,ekiiyr``ot,,khaaw,40000.0,798000.0,2025-11-26,taladrod,marketplace,,,,
HONDA,,,2022.0,ekiiyr``ot,,khaaw,120000.0,888000.0,2025-11-26,taladrod,marketplace,,,,
BMW,,,2017.0,ekiiyr``ot,,khaaw,65000.0,985000.0,2025-11-26,taladrod,marketplace,,,,
HONDA,,,2022.0,ekiiyr``ot,,ethaa,72000.0,738000.0,2025-11-26,taladrod,marketplace,,,,
TOYOTA,,,2010.0,ekiiyr``ot,,br`nchengin,160000.0,165000.0,2025-11-26,taladrod,marketplace,,,,
LEXUS,,,2022.0,ekiiyr``ot,,dam,30058.0,3690000.0,2025-11-26,taladrod,marketplace,,,,
BMW,,,2024.0,ekiiyr``ot,,ethaa,20472.0,2250000.0,2025-11-26,taladrod,marketplace,,,,
BENZ,,,2013.0,ekiiyr``ot,,khaaw,140000.0,499000.0,2025-11-26,taladrod,marketplace,,,,
TOYOTA,,,2022.0,ekiiyr``ot,,dam,50000.0,2590000.0,2025-11-26,taladrod,marketplace,,,,
TESLA,,,2023.0,ekiiyr``ot,,khaaw,13000.0,1489000.0,2025-11-26,taladrod,marketplace,,,,
TOYOTA,,,2017.0,ekiiyr``ot,,dam,79000.0,1698000.0,2025-11-26,taladrod,marketplace,,,,
MAZDA,,,2019.0,ekiiyr``ot,,khaaw,80000.0,399000.0,2025-11-26,taladrod,marketplace,,,,
TOYOTA,,,2015.0,ekiiyr``ot,,khaaw,110000.0,399000.0,2025-11-26,taladrod,marketplace,,,,
MAZDA,,,2021.0,ekiiyr``ot,,ethaa,98000.0,619000.0,2025-11-26,taladrod,marketplace,,,,
ISUZU,,,2019.0,ekiiyr``ot,,aedng,188222.0,489000.0,2025-11-26,taladrod,marketplace,,,,
TOYOTA,,,2007.0,ekiiyr``ot,,ethaa,61555.0,199000.0,2025-11-26,taladrod,marketplace,,,,
BMW,,,2015.0,ekiiyr``ot,,khaaw,99000.0,818000.0,2025-11-26,taladrod,marketplace,,,,
NISSAN,,,2015.0,ekiiyr``ot,,khaaw,126000.0,179000.0,2025-11-26,taladrod,marketplace,,,,
BMW,,,2020.0,ekiiyr``ot,,khaaw,76000.0,899000.0,2025-11-26,taladrod,marketplace,,,,
TOYOTA,,,2017.0,ekiiyr``ot,,dam,110000.0,289000.0,2025-11-26,taladrod,marketplace,,,,
HONDA,,,2021.0,ekiiyr``ot,,ethaa,101572.0,979000.0,2025-11-26,taladrod,marketplace,,,,
BENZ,,,2024.0,ekiiyr``ot,,dam,2000.0,2299000.0,2025-11-26,taladrod,marketplace,,,,
HONDA,,,2019.0,ekiiyr``ot,,ethaa,152000.0,499000.0,2025-11-26,taladrod,marketplace,,,,
TOYOTA,,,2021.0,ekiiyr``ot,,khaaw,100000.0,1129000.0,2025-11-26,taladrod,marketplace,,,,
HONDA,,,2023.0,ekiiyr``ot,,ethaa,18000.0,549000.0,2025-11-26,taladrod,marketplace,,,,
TOYOTA,,,2015.0,ekiiyr``ot,,ethaa,152000.0,519000.0,2025-11-26,taladrod,marketplace,,,,
TOYOTA,,,2015.0,ekiiyrthrrmdaa,,dam,100000.0,359000.0,2025-11-26,taladrod,marketplace,,,,
TOYOTA,,,2012.0,ekiiyr``ot,,aedng,150000.0,188000.0,2025-11-26,taladrod,marketplace,,,,
NISSAN,,,2018.0,ekiiyr``ot,,aedng,63680.0,238000.0,2025-11-26,taladrod,marketplace,,,,
HONDA,,,2016.0,ekiiyr``ot,,dam,135000.0,299000.0,2025-11-26,taladrod,marketplace,,,,
CHEVROLET,,,2008.0,ekiiyr``ot,,br`nchengin,170000.0,79000.0,2025-11-26,taladrod,marketplace,,,,
HONDA,,,2019.0,ekiiyr``ot,,ethaa,141394.0,559000.0,2025-11-26,taladrod,marketplace,,,,
ISUZU,,,2010.0,ekiiyrthrrmdaa,,dam,160000.0,219000.0,2025-11-26,taladrod,marketplace,,,,
TOYOTA,,,2010.0,ekiiyr``ot,,aedng,170000.0,134000.0,2025-11-26,taladrod,marketplace,,,,
MAZDA,,,2013.0,ekiiyrthrrmdaa,,dam,140000.0,209000.0,2025-11-26,taladrod,marketplace,,,,
MINI,,,2021.0,ekiiyr``ot,,ekhiiyw,41000.0,1190000.0,2025-11-26,taladrod,marketplace,,,,
HONDA,,,2009.0,ekiiyr``ot,,dam,210000.0,178000.0,2025-11-26,taladrod,marketplace,,,,
MG,,,2016.0,ekiiyr``ot,,ehluue`ng,100000.0,155000.0,2025-11-26,taladrod,marketplace,,,,
TOYOTA,,,2012.0,ekiiyr``ot,,ethaa,124799.0,378000.0,2025-11-26,taladrod,marketplace,,,,
HYUNDAI,,,2022.0,ekiiyr``ot,,khaaw,61581.0,699000.0,2025-11-26,taladrod,marketplace,,,,
TOYOTA,,,2011.0,ekiiyr``ot,,ethaa,160000.0,179000.0,2025-11-26,taladrod,marketplace,,,,
,,,,,,,,519000.0,2025-11-26,taladrod,marketplace,,,,
BMW,,,2001.0,ekiiyr``ot,,ethaa,220212.0,179000.0,2025-11-26,taladrod,marketplace,,,,
TOYOTA,,,2011.0,ekiiyr``ot,,namtaal,332572.0,149000.0,2025-11-26,taladrod,marketplace,,,,
TOYOTA,,,2017.0,ekiiyr``ot,,br`nchengin,155000.0,418000.0,2025-11-26,taladrod,marketplace,,,,
HYUNDAI,,,2019.0,ekiiyr``ot,,dam,53848.0,1219000.0,2025-11-26,taladrod,marketplace,,,,
MITSUBISHI,,,2012.0,ekiiyr``ot,,dam,183000.0,329000.0,2025-11-26,taladrod,marketplace,,,,
TOYOTA,,,2019.0,ekiiyr``ot,,dam,125500.0,679000.0,2025-11-26,taladrod,marketplace,,,,
TOYOTA,,,2009.0,ekiiyrthrrmdaa,,ethaa,200000.0,219000.0,2025-11-26,taladrod,marketplace,,,,
TOYOTA,,,2019.0,ekiiyr``ot,,namtaal,164697.0,1990000.0,2025-11-26,taladrod,marketplace,,,,
HYUNDAI,,,2018.0,ekiiyr``ot,,dam,121052.0,899000.0,2025-11-26,taladrod,marketplace,,,,
HONDA,,,2007.0,ekiiyr``ot,,ethaa,190000.0,169000.0,2025-11-26,taladrod,marketplace,,,,
TOYOTA,,,2014.0,ekiiyr``ot,,namtaal,130000.0,169000.0,2025-11-26,taladrod,marketplace,,,,
BENZ,,,2016.0,ekiiyr``ot,,khaaw,69000.0,1488000.0,2025-11-26,taladrod,marketplace,,,,
BENZ,,,2015.0,ekiiyr``ot,,ethaa,146000.0,548000.0,2025-11-26,taladrod,marketplace,,,,
HYUNDAI,,,2016.0,ekiiyr``ot,,khaaw,130000.0,299000.0,2025-11-26,taladrod,marketplace,,,,
VOLVO,,,2019.0,ekiiyr``ot,,khaaw,90000.0,1048000.0,2025-11-26,taladrod,marketplace,,,,
BENZ,,,2022.0,ekiiyr``ot,,dam,135000.0,2398000.0,2025-11-26,taladrod,marketplace,,,,
MAZDA,,,2020.0,ekiiyr``ot,,br`nchengin,19000.0,369000.0,2025-11-26,taladrod,marketplace,,,,
MAZDA,,,2017.0,ekiiyr``ot,,khaaw,22000.0,279000.0,2025-11-26,taladrod,marketplace,,,,
NISSAN,,,2013.0,ekiiyrthrrmdaa,,khaaw,150000.0,150000.0,2025-11-26,taladrod,marketplace,,,,
TOYOTA,,,2018.0,ekiiyr``ot,,dam,139616.0,618000.0,2025-11-26,taladrod,marketplace,,,,
TOYOTA,,,2022.0,ekiiyr``ot,,khaaw,21000.0,2550000.0,2025-11-26,taladrod,marketplace,,,,
BENZ,,,2020.0,ekiiyr``ot,,dam,81000.0,1278000.0,2025-11-26,taladrod,marketplace,,,,
TOYOTA,,,2020.0,ekiiyr``ot,,dam,80000.0,2090000.0,2025-11-26,taladrod,marketplace,,,,
MAZDA,,,2018.0,ekiiyr``ot,,dam,130529.0,428000.0,2025-11-26,taladrod,marketplace,,,,
FORD,,,2019.0,ekiiyr``ot,,ethaa,139000.0,759000.0,2025-11-26,taladrod,marketplace,,,,
ISUZU,,,2019.0,ekiiyr``ot,,khaaw,113000.0,699000.0,2025-11-26,taladrod,marketplace,,,,
TOYOTA,,,2018.0,ekiiyr``ot,,dam,130019.0,2139000.0,2025-11-26,taladrod,marketplace,,,,
TOYOTA,,,2017.0,ekiiyr``ot,,dam,100000.0,439000.0,2025-11-26,taladrod,marketplace,,,,
MG,,,2022.0,ekiiyr``ot,,khaaw,42000.0,399000.0,2025-11-26,taladrod,marketplace,,,,
SUBARU,,,2020.0,ekiiyr``ot,,khaaw,95517.0,589000.0,2025-11-26,taladrod,marketplace,,,,
TOYOTA,,,2020.0,ekiiyr``ot,,khaaw,54000.0,345000.0,2025-11-26,taladrod,marketplace,,,,
HYUNDAI,,,2021.0,ekiiyr``ot,,dam,100139.0,1158000.0,2025-11-26,taladrod,marketplace,,,,
MG,,,2021.0,ekiiyr``ot,,dam,42000.0,369000.0,2025-11-26,taladrod,marketplace,,,,
BMW,,,2020.0,ekiiyr``ot,,dam,81000.0,1290000.0,2025-11-26,taladrod,marketplace,,,,
TOYOTA,,,2014.0,ekiiyr``ot,,br`nchengin,204908.0,319000.0,2025-11-26,taladrod,marketplace,,,,
TOYOTA,,,2010.0,ekiiyr``ot,,ethaa,340000.0,98000.0,2025-11-26,taladrod,marketplace,,,,
HONDA,,,2014.0,ekiiyr``ot,,ethaa,102341.0,238000.0,2025-11-26,taladrod,marketplace,,,,
TOYOTA,,,2014.0,ekiiyr``ot,,ethaa,215673.0,279000.0,2025-11-26,taladrod,marketplace,,,,
MAZDA,,,2022.0,ekiiyr``ot,,ethaa,56767.0,634000.0,2025-11-26,taladrod,marketplace,,,,
BENZ,,,2015.0,ekiiyr``ot,,dam,110000.0,789000.0,2025-11-26,taladrod,marketplace,,,,
TOYOTA,,,2022.0,ekiiyr``ot,,dam,72000.0,395000.0,2025-11-26,taladrod,marketplace,,,,
NISSAN,,,2015.0,ekiiyr``ot,,aedng,40000.0,419000.0,2025-11-26,taladrod,marketplace,,,,
HINO,,,2020.0,ekiiyr``ot,,khaaw,79801.0,2190000.0,2025-11-26,taladrod,marketplace,,,,
HONDA,,,2019.0,ekiiyr``ot,,ethaa,127000.0,489000.0,2025-11-26,taladrod,marketplace,,,,
HYUNDAI,,,2020.0,ekiiyr``ot,,dam,96000.0,1090000.0,2025-11-26,taladrod,marketplace,,,,
TOYOTA,,,2019.0,ekiiyr``ot,,ethaa,173000.0,489000.0,2025-11-26,taladrod,marketplace,,,,
MINI,,,2018.0,ekiiyr``ot,,aedng,61000.0,899000.0,2025-11-26,taladrod,marketplace,,,,
HONDA,,,2019.0,ekiiyr``ot,,dam,104000.0,509000.0,2025-11-26,taladrod,marketplace,,,,
BMW,,,2012.0,ekiiyr``ot,,ethaa,135000.0,1190000.0,2025-11-26,taladrod,marketplace,,,,
BENZ,,,2019.0,ekiiyr``ot,,br`nchengin,103037.0,899000.0,2025-11-26,taladrod,marketplace,,,,
VOLVO,,,2017.0,ekiiyr``ot,,dam,100000.0,1250000.0,2025-11-26,taladrod,marketplace,,,,
BENZ,,,2022.0,ekiiyr``ot,,khaaw,28500.0,3500000.0,2025-11-26,taladrod,marketplace,,,,
MINI,,,2022.0,ekiiyr``ot,,aedng,91529.0,1059000.0,2025-11-26,taladrod,marketplace,,,,
BENZ,,,1997.0,ekiiyr``ot,,br`nchengin,190000.0,188000.0,2025-11-26,taladrod,marketplace,,,,
BENZ,,,2014.0,ekiiyr``ot,,dam,107944.0,549000.0,2025-11-26,taladrod,marketplace,,,,
ISUZU,,,2021.0,ekiiyrthrrmdaa,,khaaw,100000.0,639000.0,2025-11-26,taladrod,marketplace,,,,
ISUZU,,,2020.0,ekiiyrthrrmdaa,,khaaw,150000.0,449000.0,2025-11-26,taladrod,marketplace,,,,
,,,,,,,,,2025-11-26,taladrod,marketplace,,,,
ISUZU,,,2021.0,ekiiyrthrrmdaa,,khaaw,130000.0,479000.0,2025-11-26,taladrod,marketplace,,,,
MITSUBISHI,,,2016.0,ekiiyr``ot,,ethaa,80224.0,549000.0,2025-11-26,taladrod,marketplace,,,,
BENTLEY,,,2022.0,ekiiyr``ot,,ethaa,30000.0,11890000.0,2025-11-26,taladrod,marketplace,,,,
LANDROVER,,,2005.0,ekiiyr``ot,,ekhiiyw,102100.0,399000.0,2025-11-26,taladrod,marketplace,,,,
VOLKSWAGEN,,,2014.0,ekiiyr``ot,,dam,124100.0,799000.0,2025-11-26,taladrod,marketplace,,,,
BENZ,,,2012.0,ekiiyr``ot,,dam,90210.0,699000.0,2025-11-26,taladrod,marketplace,,,,
BMW,,,2012.0,ekiiyr``ot,,dam,150000.0,345000.0,2025-11-26,taladrod,marketplace,,,,
BENZ,,,2007.0,ekiiyr``ot,,br`nchengin,108000.0,899000.0,2025-11-26,taladrod,marketplace,,,,
TOYOTA,,,2008.0,ekiiyr``ot,,khaaw,82410.0,399000.0,2025-11-26,taladrod,marketplace,,,,
VOLVO,,,2010.0,ekiiyr``ot,,br`nchengin,80224.0,499000.0,2025-11-26,taladrod,marketplace,,,,
HONDA,,,2014.0,ekiiyr``ot,,dam,100748.0,359000.0,2025-11-26,taladrod,marketplace,,,,
TOYOTA,,,2021.0,ekiiyr``ot,,khaaw,65000.0,759000.0,2025-11-26,taladrod,marketplace,,,,
MITSUBISHI,,,2011.0,ekiiyr``ot,,khaaw,178000.0,309000.0,2025-11-26,taladrod,marketplace,,,,
HONDA,,,2013.0,ekiiyrthrrmdaa,,khaaw,175000.0,125000.0,2025-11-26,taladrod,marketplace,,,,
HONDA,,,2018.0,ekiiyr``ot,,ekhiiyw,89000.0,655000.0,2025-11-26,taladrod,marketplace,,,,
TOYOTA,,,2016.0,ekiiyr``ot,,dam,140000.0,425000.0,2025-11-26,taladrod,marketplace,,,,
NISSAN,,,2017.0,ekiiyr``ot,,ethaa,204408.0,209000.0,2025-11-26,taladrod,marketplace,,,,
TOYOTA,,,2015.0,ekiiyr``ot,,dam,150000.0,1488000.0,2025-11-26,taladrod,marketplace,,,,
FORD,,,2022.0,ekiiyr``ot,,khaaw,62000.0,729000.0,2025-11-26,taladrod,marketplace,,,,
TOYOTA,,,2021.0,ekiiyr``ot,,aedng,34000.0,358000.0,2025-11-26,taladrod,marketplace,,,,
VOLKSWAGEN,,,2006.0,ekiiyr``ot,,br`nchengin,180000.0,390000.0,2025-11-26,taladrod,marketplace,,,,
MINI,,,2013.0,ekiiyr``ot,,namtaal,180000.0,390000.0,2025-11-26,taladrod,marketplace,,,,
BENZ,,,2005.0,ekiiyr``ot,,br`nchengin,250000.0,190000.0,2025-11-26,taladrod,marketplace,,,,
TOYOTA,,,2015.0,ekiiyr``ot,,ethaa,35000.0,378000.0,2025-11-26,taladrod,marketplace,,,,
HONDA,,,2010.0,ekiiyr``ot,,khaaw,170000.0,179000.0,2025-11-26,taladrod,marketplace,,,,
CHEVROLET,,,2019.0,ekiiyrthrrmdaa,,khaaw,19068.0,375000.0,2025-11-26,taladrod,marketplace,,,,
PORSCHE,,,2012.0,ekiiyr``ot,,khaaw,104000.0,1139000.0,2025-11-26,taladrod,marketplace,,,,
BMW,,,2015.0,ekiiyr``ot,,khaaw,160000.0,799000.0,2025-11-26,taladrod,marketplace,,,,
HONDA,,,2019.0,ekiiyr``ot,,ethaa,75000.0,659000.0,2025-11-26,taladrod,marketplace,,,,
BENZ,,,2007.0,ekiiyr``ot,,br`nchengin,150000.0,359000.0,2025-11-26,taladrod,marketplace,,,,
TOYOTA,,,2017.0,ekiiyr``ot,,br`nchengin,138230.0,289000.0,2025-11-26,taladrod,marketplace,,,,
TOYOTA,,,2005.0,ekiiyr``ot,,ethaa,235000.0,248000.0,2025-11-26,taladrod,marketplace,,,,
VOLVO,,,2022.0,ekiiyr``ot,,ethaa,89000.0,1250000.0,2025-11-26,taladrod,marketplace,,,,
BENZ,,,2013.0,ekiiyr``ot,,br`nchengin,63310.0,599000.0,2025-11-26,taladrod,marketplace,,,,
MAZDA,,,2021.0,ekiiyr``ot,,aedng,16000.0,389000.0,2025-11-26,taladrod,marketplace,,,,
MAZDA,,,2020.0,ekiiyr``ot,,ethaa,49000.0,619000.0,2025-11-26,taladrod,marketplace,,,,
BENZ,,,2017.0,ekiiyr``ot,,ethaa,74000.0,1990000.0,2025-11-26,taladrod,marketplace,,,,
BMW,,,2022.0,ekiiyr``ot,,khaaw,55600.0,1990000.0,2025-11-26,taladrod,marketplace,,,,
TOYOTA,,,2018.0,ekiiyr``ot,,khaaw,211000.0,469000.0,2025-11-26,taladrod,marketplace,,,,
HYUNDAI,,,2022.0,ekiiyr``ot,,dam,55000.0,1569000.0,2025-11-26,taladrod,marketplace,,,,
BENZ,,,2020.0,ekiiyr``ot,,dam,68000.0,1590000.0,2025-11-26,taladrod,marketplace,,,,
NISSAN,,,2017.0,ekiiyr``ot,,dam,69000.0,429000.0,2025-11-26,taladrod,marketplace,,,,
BENZ,,,2013.0,ekiiyr``ot,,ethaa,266000.0,399000.0,2025-11-26,taladrod,marketplace,,,,
SUZUKI,,,2020.0,ekiiyr``ot,,aedng,10497.0,125000.0,2025-11-26,taladrod,marketplace,,,,
BENZ,,,2018.0,ekiiyr``ot,,ethaa,152700.0,699000.0,2025-11-26,taladrod,marketplace,,,,
MAZDA,,,2021.0,ekiiyr``ot,,ethaa,71939.0,519000.0,2025-11-26,taladrod,marketplace,,,,
BMW,,,2024.0,ekiiyr``ot,,ethaa,5757.0,5128000.0,2025-11-26,taladrod,marketplace,,,,
NISSAN,,,2020.0,ekiiyr``ot,,aedng,55000.0,324000.0,2025-11-26,taladrod,marketplace,,,,
HONDA,,,2013.0,ekiiyr``ot,,dam,60000.0,198000.0,2025-11-26,taladrod,marketplace,,,,
BENZ,,,2018.0,ekiiyr``ot,,dam,100000.0,859000.0,2025-11-26,taladrod,marketplace,,,,
HONDA,,,2019.0,ekiiyr``ot,,ethaa,65490.0,798000.0,2025-11-26,taladrod,marketplace,,,,
THAI,,,2001.0,ekiiyr``ot,,namtaal,260000.0,129000.0,2025-11-26,taladrod,marketplace,,,,
TOYOTA,,,2019.0,ekiiyr``ot,,aedng,23000.0,309000.0,2025-11-26,taladrod,marketplace,,,,
TOYOTA,,,2010.0,ekiiyr``ot,,khaaw,270000.0,199000.0,2025-11-26,taladrod,marketplace,,,,
NISSAN,,,2017.0,ekiiyrthrrmdaa,,khaaw,90230.0,229000.0,2025-11-26,taladrod,marketplace,,,,
NISSAN,,,2012.0,ekiiyr``ot,,khaaw,162000.0,219000.0,2025-11-26,taladrod,marketplace,,,,
TOYOTA,,,2002.0,ekiiyrthrrmdaa,,br`nchengin,430000.0,249000.0,2025-11-26,taladrod,marketplace,,,,
TOYOTA,,,2004.0,ekiiyr``ot,,br`nchengin,166000.0,699000.0,2025-11-26,taladrod,marketplace,,,,
FORD,,,2013.0,ekiiyr``ot,,sm,57000.0,129000.0,2025-11-26,taladrod,marketplace,,,,
VOLKSWAGEN,,,2015.0,ekiiyr``ot,,ethaa,90000.0,799000.0,2025-11-26,taladrod,marketplace,,,,
TOYOTA,,,2008.0,ekiiyr``ot,,khaaw,170000.0,388000.0,2025-11-26,taladrod,marketplace,,,,
MAZDA,,,2016.0,ekiiyr``ot,,br`nchengin,61908.0,319000.0,2025-11-26,taladrod,marketplace,,,,
MITSUBISHI,,,2015.0,ekiiyr``ot,,aedng,149000.0,169000.0,2025-11-26,taladrod,marketplace,,,,
BMW,,,2023.0,ekiiyr``ot,,ethaa,36476.0,2990000.0,2025-11-26,taladrod,marketplace,,,,
HONDA,,,2019.0,ekiiyr``ot,,khaaw,130594.0,748000.0,2025-11-26,taladrod,marketplace,,,,
MAZDA,,,2004.0,ekiiyr``ot,,namtaal,260000.0,129000.0,2025-11-26,taladrod,marketplace,,,,
BENZ,,,2018.0,ekiiyr``ot,,ethaa,50000.0,1790000.0,2025-11-26,taladrod,marketplace,,,,
TOYOTA,,,2011.0,ekiiyr``ot,,khaaw,152000.0,269000.0,2025-11-26,taladrod,marketplace,,,,
HONDA,,,2013.0,ekiiyr``ot,,khaaw,170000.0,338000.0,2025-11-26,taladrod,marketplace,,,,
HONDA,,,2015.0,ekiiyr``ot,,dam,74000.0,450000.0,2025-11-26,taladrod,marketplace,,,,
SUZUKI,,,2023.0,ekiiyrthrrmdaa,,khaaw,3000.0,229000.0,2025-11-26,taladrod,marketplace,,,,
HONDA,,,2020.0,ekiiyr``ot,,ethaa,141453.0,728000.0,2025-11-26,taladrod,marketplace,,,,
BMW,,,2013.0,ekiiyr``ot,,dam,170000.0,1198000.0,2025-11-26,taladrod,marketplace,,,,
TOYOTA,,,2008.0,ekiiyr``ot,,khaaw,240000.0,219000.0,2025-11-26,taladrod,marketplace,,,,
HONDA,,,2017.0,ekiiyr``ot,,ethaa,160000.0,510000.0,2025-11-26,taladrod,marketplace,,,,
LEXUS,,,2003.0,ekiiyr``ot,,ethaa,178000.0,178000.0,2025-11-26,taladrod,marketplace,,,,
ISUZU,,,2021.0,ekiiyr``ot,,dam,68171.0,739000.0,2025-11-26,taladrod,marketplace,,,,
TOYOTA,,,2021.0,ekiiyr``ot,,dam,132151.0,758000.0,2025-11-26,taladrod,marketplace,,,,
MITSUBISHI,,,2012.0,ekiiyr``ot,,br`nchengin,225198.0,319000.0,2025-11-26,taladrod,marketplace,,,,
HONDA,,,2010.0,ekiiyr``ot,,namtaal,183051.0,239000.0,2025-11-26,taladrod,marketplace,,,,
FORD,,,2024.0,ekiiyr``ot,,dam,16662.0,1568000.0,2025-11-26,taladrod,marketplace,,,,
FORD,,,2019.0,ekiiyr``ot,,br`nchth`ng,80000.0,799000.0,2025-11-26,taladrod,marketplace,,,,
ISUZU,,,2023.0,ekiiyrthrrmdaa,,ethaa,60000.0,429000.0,2025-11-26,taladrod,marketplace,,,,
HONDA,,,2016.0,ekiiyr``ot,,dam,169114.0,419000.0,2025-11-26,taladrod,marketplace,,,,
MG,,,2022.0,ekiiyr``ot,,ethaa,47000.0,559000.0,2025-11-26,taladrod,marketplace,,,,
TOYOTA,,,2021.0,ekiiyr``ot,,khaaw,72000.0,759000.0,2025-11-26,taladrod,marketplace,,,,
TOYOTA,,,2017.0,ekiiyr``ot,,khaaw,82953.0,1790000.0,2025-11-26,taladrod,marketplace,,,,
MAZDA,,,2017.0,ekiiyr``ot,,khaaw,316000.0,309000.0,2025-11-26,taladrod,marketplace,,,,
HONDA,,,2019.0,ekiiyr``ot,,namengin,115000.0,659000.0,2025-11-26,taladrod,marketplace,,,,
HONDA,,,2019.0,ekiiyr``ot,,dam,55263.0,699000.0,2025-11-26,taladrod,marketplace,,,,
HONDA,,,2013.0,ekiiyr``ot,,dam,104735.0,269000.0,2025-11-26,taladrod,marketplace,,,,
MITSUBISHI,,,2018.0,ekiiyrthrrmdaa,,khaaw,72698.0,389000.0,2025-11-26,taladrod,marketplace,,,,
NISSAN,,,2022.0,ekiiyrthrrmdaa,,khaaw,28000.0,359000.0,2025-11-26,taladrod,marketplace,,,,
MAZDA,,,2023.0,ekiiyr``ot,,khaaw,56484.0,639000.0,2025-11-26,taladrod,marketplace,,,,
BENZ,,,2019.0,ekiiyr``ot,,khaaw,70000.0,1550000.0,2025-11-26,taladrod,marketplace,,,,
MG,,,2019.0,ekiiyr``ot,,dam,118000.0,279000.0,2025-11-26,taladrod,marketplace,,,,
SUZUKI,,,2023.0,ekiiyrthrrmdaa,,khaaw,14117.0,289000.0,2025-11-26,taladrod,marketplace,,,,
BMW,,,2021.0,ekiiyr``ot,,dam,89000.0,1350000.0,2025-11-26,taladrod,marketplace,,,,
BENZ,,,2017.0,ekiiyr``ot,,dam,95000.0,2190000.0,2025-11-26,taladrod,marketplace,,,,
VOLVO,,,2020.0,ekiiyr``ot,,khaaw,130000.0,1150000.0,2025-11-26,taladrod,marketplace,,,,
TOYOTA,,,2014.0,ekiiyr``ot,,khaaw,175000.0,229000.0,2025-11-26,taladrod,marketplace,,,,
TOYOTA,,,2021.0,ekiiyr``ot,,dam,64362.0,559000.0,2025-11-26,taladrod,marketplace,,,,
TOYOTA,,,2004.0,ekiiyr``ot,,br`nchengin,300566.0,499000.0,2025-11-26,taladrod,marketplace,,,,
TOYOTA,,,2010.0,ekiiyr``ot,,br`nchengin,198000.0,129000.0,2025-11-26,taladrod,marketplace,,,,
TOYOTA,,,2019.0,ekiiyr``ot,,khaaw,143835.0,759000.0,2025-11-26,taladrod,marketplace,,,,
SUBARU,,,2015.0,ekiiyr``ot,,dam,118000.0,279000.0,2025-11-26,taladrod,marketplace,,,,
MITSUBISHI,,,2013.0,ekiiyr``ot,,ethaa,164000.0,149000.0,2025-11-26,taladrod,marketplace,,,,
TOYOTA,,,2011.0,ekiiyr``ot,,br`nchengin,100000.0,259000.0,2025-11-26,taladrod,marketplace,,,,
TOYOTA,,,2020.0,ekiiyr``ot,,dam,96000.0,659000.0,2025-11-26,taladrod,marketplace,,,,
BENZ,,,2016.0,ekiiyr``ot,,namengin,90000.0,609000.0,2025-11-26,taladrod,marketplace,,,,
TOYOTA,,,2022.0,ekiiyr``ot,,khaaw,85000.0,1190000.0,2025-11-26,taladrod,marketplace,,,,
HONDA,,,2018.0,ekiiyr``ot,,ekhiiyw,90000.0,678000.0,2025-11-26,taladrod,marketplace,,,,
BMW,,,2006.0,ekiiyr``ot,,dam,222065.0,188000.0,2025-11-26,taladrod,marketplace,,,,
TOYOTA,,,2014.0,ekiiyr``ot,,ethaa,231518.0,239000.0,2025-11-26,taladrod,marketplace,,,,
NISSAN,,,2019.0,ekiiyrthrrmdaa,,ethaa,71050.0,265000.0,2025-11-26,taladrod,marketplace,,,,
TOYOTA,,,2013.0,ekiiyr``ot,,ethaa,205306.0,199000.0,2025-11-26,taladrod,marketplace,,,,
BENZ,,,2024.0,ekiiyr``ot,,dam,14000.0,2590000.0,2025-11-26,taladrod,marketplace,,,,
TOYOTA,,,2009.0,ekiiyr``ot,,ethaa,120000.0,139000.0,2025-11-26,taladrod,marketplace,,,,
TOYOTA,,,2014.0,ekiiyr``ot,,khaaw,33573.0,699000.0,2025-11-26,taladrod,marketplace,,,,
TOYOTA,,,2012.0,ekiiyr``ot,,dam,181718.0,169000.0,2025-11-26,taladrod,marketplace,,,,
ISUZU,,,2009.0,ekiiyrthrrmdaa,,khaaw,291094.0,209000.0,2025-11-26,taladrod,marketplace,,,,
BENZ,,,2015.0,ekiiyr``ot,,dam,94231.0,1299000.0,2025-11-26,taladrod,marketplace,,,,
HONDA,,,2017.0,ekiiyr``ot,,dam,180000.0,329000.0,2025-11-26,taladrod,marketplace,,,,
HONDA,,,2019.0,ekiiyr``ot,,dam,156000.0,409000.0,2025-11-26,taladrod,marketplace,,,,
TOYOTA,,,2022.0,ekiiyr``ot,,ethaa,119176.0,695000.0,2025-11-26,taladrod,marketplace,,,,
MITSUBISHI,,,2019.0,ekiiyr``ot,,aedng,71550.0,235000.0,2025-11-26,taladrod,marketplace,,,,
HONDA,,,2015.0,ekiiyr``ot,,khaaw,100000.0,429000.0,2025-11-26,taladrod,marketplace,,,,
TOYOTA,,,2013.0,ekiiyr``ot,,khaaw,76247.0,558000.0,2025-11-26,taladrod,marketplace,,,,
TOYOTA,,,2013.0,ekiiyr``ot,,ethaa,161138.0,309000.0,2025-11-26,taladrod,marketplace,,,,
BMW,,,2010.0,ekiiyr``ot,,dam,223800.0,599000.0,2025-11-26,taladrod,marketplace,,,,
BMW,,,2013.0,ekiiyr``ot,,namtaal,167324.0,588000.0,2025-11-26,taladrod,marketplace,,,,
BENZ,,,2024.0,ekiiyr``ot,,ethaa,2469.0,9290000.0,2025-11-26,taladrod,marketplace,,,,
TOYOTA,,,2014.0,ekiiyr``ot,,khaaw,193000.0,319000.0,2025-11-26,taladrod,marketplace,,,,
BENZ,,,2016.0,ekiiyr``ot,,dam,67000.0,499000.0,2025-11-26,taladrod,marketplace,,,,
TOYOTA,,,2014.0,ekiiyr``ot,,khaaw,132000.0,254000.0,2025-11-26,taladrod,marketplace,,,,
HONDA,,,2016.0,ekiiyr``ot,,br`nchengin,230000.0,469000.0,2025-11-26,taladrod,marketplace,,,,
BENZ,,,2015.0,ekiiyr``ot,,ethaa,105000.0,549000.0,2025-11-26,taladrod,marketplace,,,,
FORD,,,2017.0,ekiiyr``ot,,sm,80000.0,535000.0,2025-11-26,taladrod,marketplace,,,,
TOYOTA,,,2012.0,ekiiyr``ot,,khaaw,142524.0,799000.0,2025-11-26,taladrod,marketplace,,,,
MAZDA,,,2016.0,ekiiyr``ot,,aedng,145800.0,299000.0,2025-11-26,taladrod,marketplace,,,,
TOYOTA,,,2021.0,ekiiyr``ot,,khaaw,133380.0,709000.0,2025-11-26,taladrod,marketplace,,,,
MAZDA,,,2021.0,ekiiyr``ot,,aedng,62000.0,359000.0,2025-11-26,taladrod,marketplace,,,,
TOYOTA,,,2010.0,ekiiyr``ot,,br`nchengin,180000.0,379000.0,2025-11-26,taladrod,marketplace,,,,
TOYOTA,,,2019.0,ekiiyr``ot,,khaaw,121977.0,928000.0,2025-11-26,taladrod,marketplace,,,,
BENZ,,,2017.0,ekiiyr``ot,,khaaw,80000.0,1195000.0,2025-11-26,taladrod,marketplace,,,,
MAZDA,,,2018.0,ekiiyr``ot,,namengin,110000.0,549000.0,2025-11-26,taladrod,marketplace,,,,
BENZ,,,2021.0,ekiiyr``ot,,br`nchengin,32649.0,100000.0,2025-11-26,taladrod,marketplace,,,,
BMW,,,2024.0,ekiiyr``ot,,dam,9100.0,3150000.0,2025-11-26,taladrod,marketplace,,,,
ISUZU,,,2021.0,ekiiyrthrrmdaa,,khaaw,100000.0,679000.0,2025-11-26,taladrod,marketplace,,,,
ISUZU,,,2022.0,ekiiyrthrrmdaa,,ethaa,54901.0,379000.0,2025-11-26,taladrod,marketplace,,,,
BMW,,,2020.0,ekiiyr``ot,,ethaa,102000.0,1180000.0,2025-11-26,taladrod,marketplace,,,,
BMW,,,2016.0,ekiiyr``ot,,br`nchengin,50000.0,1450000.0,2025-11-26,taladrod,marketplace,,,,
KIA,,,2021.0,ekiiyr``ot,,ethaa,120000.0,1599000.0,2025-11-26,taladrod,marketplace,,,,
LANDROVER,,,2022.0,ekiiyr``ot,,dam,49000.0,3150000.0,2025-11-26,taladrod,marketplace,,,,
BMW,,,2022.0,ekiiyr``ot,,dam,51000.0,3150000.0,2025-11-26,taladrod,marketplace,,,,
TOYOTA,,,2022.0,ekiiyr``ot,,dam,10000.0,649000.0,2025-11-26,taladrod,marketplace,,,,
MG,,,2019.0,ekiiyr``ot,,aedng,65977.0,299000.0,2025-11-26,taladrod,marketplace,,,,
FORD,,,2022.0,ekiiyr``ot,,sm,40000.0,1390000.0,2025-11-26,taladrod,marketplace,,,,
VOLKSWAGEN,,,2014.0,ekiiyr``ot,,dam,140000.0,519000.0,2025-11-26,taladrod,marketplace,,,,
SUZUKI,,,2019.0,ekiiyr``ot,,namengin,67128.0,278000.0,2025-11-26,taladrod,marketplace,,,,
TOYOTA,,,2004.0,ekiiyr``ot,,br`nchengin,170000.0,240000.0,2025-11-26,taladrod,marketplace,,,,
TOYOTA,,,2020.0,ekiiyr``ot,,khaaw,40000.0,2420000.0,2025-11-26,taladrod,marketplace,,,,
TOYOTA,,,2020.0,ekiiyrthrrmdaa,,ethaa,51000.0,339000.0,2025-11-26,taladrod,marketplace,,,,
BENZ,,,2005.0,ekiiyr``ot,,br`nchengin,73000.0,330000.0,2025-11-26,taladrod,marketplace,,,,
TOYOTA,,,2019.0,ekiiyr``ot,,ethaa,90000.0,620000.0,2025-11-26,taladrod,marketplace,,,,
PORSCHE,,,2012.0,ekiiyr``ot,,dam,79000.0,1670000.0,2025-11-26,taladrod,marketplace,,,,
MITSUBISHI,,,2019.0,ekiiyr``ot,,khaaw,50000.0,439000.0,2025-11-26,taladrod,marketplace,,,,
BENZ,,,2021.0,ekiiyr``ot,,dam,50000.0,1270000.0,2025-11-26,taladrod,marketplace,,,,
MAZDA,,,2020.0,ekiiyr``ot,,aedng,58118.0,248000.0,2025-11-26,taladrod,marketplace,,,,
MG,,,2020.0,ekiiyr``ot,,aedng,86000.0,148000.0,2025-11-26,taladrod,marketplace,,,,
ISUZU,,,2018.0,ekiiyr``ot,,khaaw,96000.0,339000.0,2025-11-26,taladrod,marketplace,,,,
MAZDA,,,2023.0,ekiiyr``ot,,namtaal,18000.0,1000000.0,2025-11-26,taladrod,marketplace,,,,
BENZ,,,2017.0,ekiiyr``ot,,dam,100000.0,658000.0,2025-11-26,taladrod,marketplace,,,,
BENZ,,,2020.0,ekiiyr``ot,,khaaw,39083.0,1390000.0,2025-11-26,taladrod,marketplace,,,,
TOYOTA,,,2022.0,ekiiyr``ot,,br`nchengin,91000.0,929000.0,2025-11-26,taladrod,marketplace,,,,
KIA,,,2016.0,ekiiyr``ot,,khaaw,119357.0,699000.0,2025-11-26,taladrod,marketplace,,,,
BMW,,,2012.0,ekiiyr``ot,,khaaw,118000.0,1190000.0,2025-11-26,taladrod,marketplace,,,,
HONDA,,,2024.0,ekiiyr``ot,,namengin,11000.0,1389000.0,2025-11-26,taladrod,marketplace,,,,
MAZDA,,,2023.0,ekiiyr``ot,,dam,51000.0,999000.0,2025-11-26,taladrod,marketplace,,,,
AUDI,,,2022.0,ekiiyr``ot,,khaaw,24000.0,2190000.0,2025-11-26,taladrod,marketplace,,,,
HYUNDAI,,,2023.0,ekiiyr``ot,,khaaw,49000.0,1659000.0,2025-11-26,taladrod,marketplace,,,,
FORD,,,2024.0,ekiiyr``ot,,ethaa,9600.0,1239000.0,2025-11-26,taladrod,marketplace,,,,
HONDA,,,2010.0,ekiiyr``ot,,ehluue`ng,225462.0,168000.0,2025-11-26,taladrod,marketplace,,,,
HONDA,,,2019.0,ekiiyr``ot,,dam,82000.0,549000.0,2025-11-26,taladrod,marketplace,,,,
HONDA,,,2011.0,ekiiyr``ot,,khaaw,179700.0,270000.0,2025-11-26,taladrod,marketplace,,,,
ISUZU,,,2024.0,ekiiyr``ot,,ethaa,13000.0,1099000.0,2025-11-26,taladrod,marketplace,,,,
HYUNDAI,,,2019.0,ekiiyr``ot,,dam,56817.0,959000.0,2025-11-26,taladrod,marketplace,,,,
BENZ,,,2023.0,ekiiyr``ot,,khaaw,28495.0,3190000.0,2025-11-26,taladrod,marketplace,,,,
FORD,,,2015.0,ekiiyr``ot,,sm,132145.0,139000.0,2025-11-26,taladrod,marketplace,,,,
MITSUBISHI,,,2017.0,ekiiyr``ot,,br`nchengin,149900.0,459000.0,2025-11-26,taladrod,marketplace,,,,
MITSUBISHI,,,2021.0,ekiiyr``ot,,dam,92223.0,999000.0,2025-11-26,taladrod,marketplace,,,,
BENZ,,,2012.0,ekiiyr``ot,,dam,124589.0,648000.0,2025-11-26,taladrod,marketplace,,,,
NISSAN,,,2018.0,ekiiyr``ot,,ethaa,37000.0,389000.0,2025-11-26,taladrod,marketplace,,,,
TOYOTA,,,2016.0,ekiiyr``ot,,ethaa,140000.0,249000.0,2025-11-26,taladrod,marketplace,,,,
BMW,,,2015.0,ekiiyr``ot,,ethaa,97000.0,1290000.0,2025-11-26,taladrod,marketplace,,,,
BENZ,,,2023.0,ekiiyr``ot,,dam,20000.0,1990000.0,2025-11-26,taladrod,marketplace,,,,
NISSAN,,,2016.0,ekiiyrthrrmdaa,,khaaw,199442.0,220000.0,2025-11-26,taladrod,marketplace,,,,
BMW,,,2015.0,ekiiyr``ot,,dam,89436.0,1688000.0,2025-11-26,taladrod,marketplace,,,,
BMW,,,2023.0,ekiiyr``ot,,khaaw,59323.0,2099000.0,2025-11-26,taladrod,marketplace,,,,
HONDA,,,2013.0,ekiiyr``ot,,ethaa,120000.0,320000.0,2025-11-26,taladrod,marketplace,,,,
FORD,,,2022.0,ekiiyr``ot,,khaaw,48000.0,1350000.0,2025-11-26,taladrod,marketplace,,,,
ISUZU,,,2020.0,ekiiyr``ot,,dam,94208.0,588000.0,2025-11-26,taladrod,marketplace,,,,
FORD,,,2020.0,ekiiyr``ot,,br`nchth`ng,70800.0,725000.0,2025-11-26,taladrod,marketplace,,,,
FORD,,,2017.0,ekiiyr``ot,,khaaw,139000.0,449000.0,2025-11-26,taladrod,marketplace,,,,
BENZ,,,2023.0,ekiiyr``ot,,khaaw,15094.0,3290000.0,2025-11-26,taladrod,marketplace,,,,
BMW,,,2022.0,ekiiyr``ot,,dam,57000.0,2850000.0,2025-11-26,taladrod,marketplace,,,,
MAZDA,,,2020.0,ekiiyr``ot,,khaaw,93000.0,779000.0,2025-11-26,taladrod,marketplace,,,,
MAZDA,,,2019.0,ekiiyr``ot,,dam,50000.0,389000.0,2025-11-26,taladrod,marketplace,,,,
PORSCHE,,,2023.0,ekiiyr``ot,,dam,20000.0,3888000.0,2025-11-26,taladrod,marketplace,,,,
ISUZU,,,2019.0,ekiiyr``ot,,dam,146959.0,500000.0,2025-11-26,taladrod,marketplace,,,,
MITSUBISHI,,,2024.0,ekiiyr``ot,,aedng,16992.0,1029000.0,2025-11-26,taladrod,marketplace,,,,
VOLVO,,,2021.0,ekiiyr``ot,,khaaw,90000.0,1149000.0,2025-11-26,taladrod,marketplace,,,,
HONDA,,,2015.0,ekiiyr``ot,,khaaw,160000.0,299000.0,2025-11-26,taladrod,marketplace,,,,
TOYOTA,,,2020.0,ekiiyr``ot,,dam,100166.0,699000.0,2025-11-26,taladrod,marketplace,,,,
BENZ,,,2011.0,ekiiyr``ot,,ethaa,120000.0,328000.0,2025-11-26,taladrod,marketplace,,,,
BENZ,,,2025.0,ekiiyr``ot,,ethaa,2000.0,9290000.0,2025-11-26,taladrod,marketplace,,,,
BMW,,,2022.0,ekiiyr``ot,,khaaw,96000.0,1148000.0,2025-11-26,taladrod,marketplace,,,,
BENZ,,,2021.0,ekiiyr``ot,,dam,57000.0,1290000.0,2025-11-26,taladrod,marketplace,,,,
TOYOTA,,,2016.0,ekiiyrthrrmdaa,,ethaa,186000.0,259000.0,2025-11-26,taladrod,marketplace,,,,
HONDA,,,2018.0,ekiiyr``ot,,khaaw,88480.0,355000.0,2025-11-26,taladrod,marketplace,,,,
BENZ,,,2016.0,ekiiyr``ot,,dam,156664.0,628000.0,2025-11-26,taladrod,marketplace,,,,
AUDI,,,2012.0,ekiiyr``ot,,dam,150000.0,438000.0,2025-11-26,taladrod,marketplace,,,,
ISUZU,,,2021.0,ekiiyrthrrmdaa,,dam,30470.0,515000.0,2025-11-26,taladrod,marketplace,,,,
HONDA,,,2013.0,ekiiyr``ot,,ethaa,144180.0,235000.0,2025-11-26,taladrod,marketplace,,,,
HONDA,,,2014.0,ekiiyr``ot,,khaaw,170000.0,395000.0,2025-11-26,taladrod,marketplace,,,,
SUZUKI,,,2020.0,ekiiyr``ot,,aedng,104870.0,285000.0,2025-11-26,taladrod,marketplace,,,,
BMW,,,2024.0,ekiiyr``ot,,khaaw,5600.0,1999000.0,2025-11-26,taladrod,marketplace,,,,
HONDA,,,2018.0,ekiiyr``ot,,khaaw,119837.0,686000.0,2025-11-26,taladrod,marketplace,,,,
TOYOTA,,,2019.0,ekiiyr``ot,,khaaw,198159.0,648000.0,2025-11-26,taladrod,marketplace,,,,
BENZ,,,1999.0,ekiiyr``ot,,br`nchengin,70000.0,135000.0,2025-11-26,taladrod,marketplace,,,,
BMW,,,2019.0,ekiiyr``ot,,dam,84600.0,1280000.0,2025-11-26,taladrod,marketplace,,,,
TOYOTA,,,2012.0,ekiiyr``ot,,ethaa,140000.0,170000.0,2025-11-26,taladrod,marketplace,,,,
HONDA,,,2013.0,ekiiyr``ot,,khaaw,258159.0,155000.0,2025-11-26,taladrod,marketplace,,,,
FORD,,,2019.0,ekiiyr``ot,,dam,242748.0,620000.0,2025-11-26,taladrod,marketplace,,,,
BENZ,,,2020.0,ekiiyr``ot,,khaaw,150000.0,990000.0,2025-11-26,taladrod,marketplace,,,,
HONDA,,,2013.0,ekiiyr``ot,,khaaw,265000.0,299000.0,2025-11-26,taladrod,marketplace,,,,
MITSUBISHI,,,2012.0,ekiiyr``ot,,ethaa,76823.0,159000.0,2025-11-26,taladrod,marketplace,,,,
NISSAN,,,2020.0,ekiiyr``ot,,ethaa,62000.0,370000.0,2025-11-26,taladrod,marketplace,,,,
BENZ,,,2017.0,ekiiyr``ot,,dam,126200.0,659000.0,2025-11-26,taladrod,marketplace,,,,
TOYOTA,,,2021.0,ekiiyr``ot,,dam,88530.0,938000.0,2025-11-26,taladrod,marketplace,,,,
ISUZU,,,2017.0,ekiiyrthrrmdaa,,khaaw,100000.0,299000.0,2025-11-26,taladrod,marketplace,,,,
HONDA,,,2015.0,ekiiyr``ot,,ethaa,110000.0,419000.0,2025-11-26,taladrod,marketplace,,,,
TOYOTA,,,2014.0,ekiiyrthrrmdaa,,khaaw,212841.0,648000.0,2025-11-26,taladrod,marketplace,,,,
BENZ,,,2017.0,ekiiyr``ot,,khaaw,151600.0,829000.0,2025-11-26,taladrod,marketplace,,,,
ISUZU,,,2006.0,ekiiyr``ot,,khaaw,345000.0,168000.0,2025-11-26,taladrod,marketplace,,,,
AUDI,,,2010.0,ekiiyr``ot,,khaaw,,389000.0,2025-11-26,taladrod,marketplace,,,,
TOYOTA,,,2006.0,ekiiyr``ot,,ekhiiyw,140000.0,339000.0,2025-11-26,taladrod,marketplace,,,,
BENZ,,,2019.0,ekiiyr``ot,,khaaw,123500.0,1290000.0,2025-11-26,taladrod,marketplace,,,,
BENZ,,,2016.0,ekiiyr``ot,,ethaa,150000.0,699000.0,2025-11-26,taladrod,marketplace,,,,
MAZDA,,,2013.0,ekiiyrthrrmdaa,,dam,143782.0,289000.0,2025-11-26,taladrod,marketplace,,,,
TOYOTA,,,2011.0,ekiiyr``ot,,ethaa,100000.0,149000.0,2025-11-26,taladrod,marketplace,,,,
BENZ,,,2020.0,ekiiyr``ot,,dam,113722.0,819000.0,2025-11-26,taladrod,marketplace,,,,
FORD,,,2020.0,ekiiyr``ot,,dam,133200.0,859000.0,2025-11-26,taladrod,marketplace,,,,
TOYOTA,,,2021.0,ekiiyr``ot,,khaaw,130137.0,679000.0,2025-11-26,taladrod,marketplace,,,,
BENZ,,,2024.0,ekiiyr``ot,,dam,7634.0,2990000.0,2025-11-26,taladrod,marketplace,,,,
MINI,,,2016.0,ekiiyr``ot,,ethaa,130000.0,639000.0,2025-11-26,taladrod,marketplace,,,,
NISSAN,,,2016.0,ekiiyr``ot,,ethaa,65000.0,409000.0,2025-11-26,taladrod,marketplace,,,,
TOYOTA,,,2020.0,ekiiyr``ot,,khaaw,100800.0,899000.0,2025-11-26,taladrod,marketplace,,,,
BENZ,,,2023.0,ekiiyr``ot,,khaaw,22958.0,1590000.0,2025-11-26,taladrod,marketplace,,,,
TOYOTA,,,2011.0,ekiiyr``ot,,br`nchengin,344635.0,339000.0,2025-11-26,taladrod,marketplace,,,,
SUZUKI,,,2014.0,ekiiyrthrrmdaa,,khaaw,88000.0,87000.0,2025-11-26,taladrod,marketplace,,,,
TOYOTA,,,2017.0,ekiiyr``ot,,namtaal,167361.0,769000.0,2025-11-26,taladrod,marketplace,,,,
TOYOTA,,,2019.0,ekiiyr``ot,,ethaa,43477.0,349000.0,2025-11-26,taladrod,marketplace,,,,
MINI,,,2013.0,ekiiyr``ot,,khaaw,130000.0,588000.0,2025-11-26,taladrod,marketplace,,,,
TOYOTA,,,2021.0,ekiiyr``ot,,ethaa,119157.0,559000.0,2025-11-26,taladrod,marketplace,,,,
MINI,,,2022.0,ekiiyr``ot,,ethaa,17000.0,1356000.0,2025-11-26,taladrod,marketplace,,,,
MAZDA,,,2016.0,ekiiyr``ot,,dam,135820.0,345000.0,2025-11-26,taladrod,marketplace,,,,
BENZ,,,2022.0,ekiiyr``ot,,ethaa,37000.0,2090000.0,2025-11-26,taladrod,marketplace,,,,
TOYOTA,,,2023.0,ekiiyr``ot,,khaaw,5831.0,2798000.0,2025-11-26,taladrod,marketplace,,,,
ORA,,,2022.0,ekiiyr``ot,,aedng,82059.0,495000.0,2025-11-26,taladrod,marketplace,,,,
BENZ,,,2010.0,ekiiyr``ot,,dam,147333.0,529000.0,2025-11-26,taladrod,marketplace,,,,
HONDA,,,2016.0,ekiiyr``ot,,khaaw,150000.0,259000.0,2025-11-26,taladrod,marketplace,,,,
TOYOTA,,,2022.0,ekiiyrthrrmdaa,,dam,15300.0,535000.0,2025-11-26,taladrod,marketplace,,,,
BENZ,,,2020.0,ekiiyr``ot,,dam,50238.0,1599000.0,2025-11-26,taladrod,marketplace,,,,
BENZ,,,2016.0,ekiiyr``ot,,dam,293064.0,999000.0,2025-11-26,taladrod,marketplace,,,,
HONDA,,,2017.0,ekiiyr``ot,,dam,100000.0,529000.0,2025-11-26,taladrod,marketplace,,,,
HONDA,,,2015.0,ekiiyr``ot,,khaaw,100000.0,379000.0,2025-11-26,taladrod,marketplace,,,,
HONDA,,,2020.0,ekiiyr``ot,,br`nchengin,63244.0,759000.0,2025-11-26,taladrod,marketplace,,,,
ISUZU,,,2005.0,ekiiyrthrrmdaa,,ethaa,200000.0,155000.0,2025-11-26,taladrod,marketplace,,,,
BMW,,,2021.0,ekiiyr``ot,,ethaa,65000.0,1359000.0,2025-11-26,taladrod,marketplace,,,,
NISSAN,,,2015.0,ekiiyr``ot,,aedng,105000.0,235000.0,2025-11-26,taladrod,marketplace,,,,
BYD,,,2023.0,ekiiyr``ot,,ethaa,17000.0,449000.0,2025-11-26,taladrod,marketplace,,,,
MITSUBISHI,,,2020.0,ekiiyr``ot,,khaaw,83960.0,545000.0,2025-11-26,taladrod,marketplace,,,,
PORSCHE,,,2013.0,ekiiyr``ot,,khaaw,63000.0,1150000.0,2025-11-26,taladrod,marketplace,,,,
HONDA,,,2015.0,ekiiyr``ot,,khaaw,173240.0,389000.0,2025-11-26,taladrod,marketplace,,,,
BENZ,,,2004.0,ekiiyr``ot,,br`nchengin,180000.0,329000.0,2025-11-26,taladrod,marketplace,,,,
ISUZU,,,1995.0,ekiiyrthrrmdaa,,khaaw,305195.0,85000.0,2025-11-26,taladrod,marketplace,,,,
BMW,,,2019.0,ekiiyr``ot,,ethaa,81000.0,1300000.0,2025-11-26,taladrod,marketplace,,,,
MITSUBISHI,,,2024.0,ekiiyr``ot,,ethaa,24301.0,690000.0,2025-11-26,taladrod,marketplace,,,,
BENZ,,,2015.0,ekiiyr``ot,,khaaw,110000.0,629000.0,2025-11-26,taladrod,marketplace,,,,
BENZ,,,2019.0,ekiiyr``ot,,khaaw,95000.0,1290000.0,2025-11-26,taladrod,marketplace,,,,
BENZ,,,2021.0,ekiiyr``ot,,ethaa,16000.0,1450000.0,2025-11-26,taladrod,marketplace,,,,
BENZ,,,2012.0,ekiiyr``ot,,khaaw,170000.0,339000.0,2025-11-26,taladrod,marketplace,,,,
BMW,,,2012.0,ekiiyr``ot,,khaaw,150000.0,319000.0,2025-11-26,taladrod,marketplace,,,,
TESLA,,,2022.0,ekiiyr``ot,,khaaw,39500.0,1499000.0,2025-11-26,taladrod,marketplace,,,,
PORSCHE,,,2013.0,ekiiyr``ot,,ehluue`ng,79800.0,2899000.0,2025-11-26,taladrod,marketplace,,,,
LAMBORGHINI,,,2014.0,ekiiyr``ot,,ehluue`ng,38300.0,13700000.0,2025-11-26,taladrod,marketplace,,,,
TOYOTA,,,2015.0,ekiiyr``ot,,ethaa,285000.0,469000.0,2025-11-26,taladrod,marketplace,,,,
MITSUBISHI,,,2017.0,ekiiyr``ot,,khaaw,245000.0,588000.0,2025-11-26,taladrod,marketplace,,,,
MAZDA,,,2022.0,ekiiyr``ot,,ethaa,59363.0,615000.0,2025-11-26,taladrod,marketplace,,,,
MITSUBISHI,,,2017.0,ekiiyr``ot,,dam,110000.0,378000.0,2025-11-26,taladrod,marketplace,,,,
BENZ,,,2014.0,ekiiyr``ot,,namtaal,72000.0,575000.0,2025-11-26,taladrod,marketplace,,,,
BMW,,,2020.0,ekiiyr``ot,,dam,70000.0,1600000.0,2025-11-26,taladrod,marketplace,,,,
BMW,,,2021.0,ekiiyr``ot,,dam,120000.0,985000.0,2025-11-26,taladrod,marketplace,,,,
ISUZU,,,2023.0,ekiiyrthrrmdaa,,khaaw,103000.0,755000.0,2025-11-26,taladrod,marketplace,,,,
TOYOTA,,,2023.0,ekiiyr``ot,,ethaa,53733.0,489000.0,2025-11-26,taladrod,marketplace,,,,
MITSUBISHI,,,2011.0,ekiiyr``ot,,ethaa,180000.0,299000.0,2025-11-26,taladrod,marketplace,,,,
TOYOTA,,,2019.0,ekiiyrthrrmdaa,,ethaa,,409000.0,2025-11-26,taladrod,marketplace,,,,
SUZUKI,,,2015.0,ekiiyr``ot,,aedng,76000.0,199000.0,2025-11-26,taladrod,marketplace,,,,
HYUNDAI,,,2019.0,ekiiyr``ot,,khaaw,90000.0,969000.0,2025-11-26,taladrod,marketplace,,,,
TOYOTA,,,2021.0,ekiiyrthrrmdaa,,ethaa,52000.0,349000.0,2025-11-26,taladrod,marketplace,,,,
MAZDA,,,2020.0,ekiiyr``ot,,dam,57500.0,829000.0,2025-11-26,taladrod,marketplace,,,,
FORD,,,2017.0,ekiiyr``ot,,khaaw,210000.0,545000.0,2025-11-26,taladrod,marketplace,,,,
BENZ,,,2017.0,ekiiyr``ot,,br`nchengin,140000.0,1095000.0,2025-11-26,taladrod,marketplace,,,,
BENZ,,,2021.0,ekiiyr``ot,,ethaa,48300.0,1590000.0,2025-11-26,taladrod,marketplace,,,,
HONDA,,,2021.0,ekiiyr``ot,,khaaw,43000.0,639000.0,2025-11-26,taladrod,marketplace,,,,
HONDA,,,2018.0,ekiiyr``ot,,dam,136647.0,599000.0,2025-11-26,taladrod,marketplace,,,,
HONDA,,,2013.0,ekiiyr``ot,,khaaw,146000.0,319000.0,2025-11-26,taladrod,marketplace,,,,
FORD,,,2020.0,ekiiyr``ot,,ethaa,180000.0,745000.0,2025-11-26,taladrod,marketplace,,,,
HONDA,,,2015.0,ekiiyr``ot,,ethaa,202000.0,349000.0,2025-11-26,taladrod,marketplace,,,,
TOYOTA,,,2022.0,ekiiyr``ot,,ethaa,48000.0,349000.0,2025-11-26,taladrod,marketplace,,,,
FORD,,,2018.0,ekiiyr``ot,,khaaw,120000.0,260000.0,2025-11-26,taladrod,marketplace,,,,
BMW,,,2020.0,ekiiyr``ot,,khaaw,60000.0,1588000.0,2025-11-26,taladrod,marketplace,,,,
HAVAL,,,2022.0,ekiiyr``ot,,ethaa,51000.0,599000.0,2025-11-26,taladrod,marketplace,,,,
HONDA,,,2020.0,ekiiyr``ot,,khaaw,56785.0,799000.0,2025-11-26,taladrod,marketplace,,,,
MAZDA,,,2021.0,ekiiyr``ot,,ethaa,86000.0,659000.0,2025-11-26,taladrod,marketplace,,,,
HONDA,,,2019.0,ekiiyr``ot,,ethaa,166361.0,469000.0,2025-11-26,taladrod,marketplace,,,,
TOYOTA,,,2002.0,ekiiyr``ot,,ethaa,200000.0,199000.0,2025-11-26,taladrod,marketplace,,,,
TOYOTA,,,2017.0,ekiiyr``ot,,khaaw,40000.0,349000.0,2025-11-26,taladrod,marketplace,,,,
FORD,,,2022.0,ekiiyr``ot,,sm,16000.0,829000.0,2025-11-26,taladrod,marketplace,,,,
NISSAN,,,2023.0,ekiiyr``ot,,aedng,20000.0,1049000.0,2025-11-26,taladrod,marketplace,,,,
BENZ,,,2006.0,ekiiyr``ot,,br`nchth`ng,90000.0,229000.0,2025-11-26,taladrod,marketplace,,,,
HONDA,,,2013.0,ekiiyr``ot,,dam,159000.0,379000.0,2025-11-26,taladrod,marketplace,,,,
TOYOTA,,,2020.0,ekiiyr``ot,,dam,68000.0,1580000.0,2025-11-26,taladrod,marketplace,,,,
ISUZU,,,2022.0,ekiiyrthrrmdaa,,dam,39624.0,659000.0,2025-11-26,taladrod,marketplace,,,,
ISUZU,,,2022.0,ekiiyrthrrmdaa,,dam,66341.0,699000.0,2025-11-26,taladrod,marketplace,,,,
BMW,,,2024.0,ekiiyr``ot,,dam,16000.0,2990000.0,2025-11-26,taladrod,marketplace,,,,
HONDA,,,2022.0,ekiiyr``ot,,khaaw,1500.0,858000.0,2025-11-26,taladrod,marketplace,,,,
BENZ,,,2019.0,ekiiyr``ot,,ethaa,50000.0,859000.0,2025-11-26,taladrod,marketplace,,,,
TOYOTA,,,2019.0,ekiiyr``ot,,khaaw,140000.0,739000.0,2025-11-26,taladrod,marketplace,,,,
HYUNDAI,,,2020.0,ekiiyr``ot,,dam,54000.0,1170000.0,2025-11-26,taladrod,marketplace,,,,
TOYOTA,,,2022.0,ekiiyr``ot,,aedng,35000.0,789000.0,2025-11-26,taladrod,marketplace,,,,
BMW,,,2015.0,ekiiyr``ot,,khaaw,150000.0,659000.0,2025-11-26,taladrod,marketplace,,,,
TOYOTA,,,2022.0,ekiiyr``ot,,dam,40000.0,2689000.0,2025-11-26,taladrod,marketplace,,,,
FORD,,,2017.0,ekiiyr``ot,,dam,124000.0,579000.0,2025-11-26,taladrod,marketplace,,,,
BENZ,,,2018.0,ekiiyr``ot,,dam,99000.0,1095000.0,2025-11-26,taladrod,marketplace,,,,
MAZDA,,,2020.0,ekiiyr``ot,,ethaa,123482.0,799000.0,2025-11-26,taladrod,marketplace,,,,
TOYOTA,,,2021.0,ekiiyr``ot,,khaaw,65550.0,2490000.0,2025-11-26,taladrod,marketplace,,,,
BENZ,,,2018.0,ekiiyr``ot,,br`nchengin,70000.0,990000.0,2025-11-26,taladrod,marketplace,,,,
NISSAN,,,2012.0,ekiiyr``ot,,dam,109000.0,1100000.0,2025-11-26,taladrod,marketplace,,,,
HONDA,,,2012.0,ekiiyr``ot,,khaaw,180214.0,259000.0,2025-11-26,taladrod,marketplace,,,,
BENZ,,,2010.0,ekiiyr``ot,,khaaw,117624.0,639000.0,2025-11-26,taladrod,marketplace,,,,
PORSCHE,,,2018.0,ekiiyr``ot,,ethaa,37000.0,3690000.0,2025-11-26,taladrod,marketplace,,,,
VOLVO,,,2018.0,ekiiyr``ot,,ethaa,84000.0,990000.0,2025-11-26,taladrod,marketplace,,,,
TOYOTA,,,2018.0,ekiiyr``ot,,dam,150000.0,1949000.0,2025-11-26,taladrod,marketplace,,,,
TOYOTA,,,2019.0,ekiiyr``ot,,dam,148244.0,939000.0,2025-11-26,taladrod,marketplace,,,,
MITSUBISHI,,,2017.0,ekiiyr``ot,,br`nchengin,160000.0,415000.0,2025-11-26,taladrod,marketplace,,,,
BENZ,,,2010.0,ekiiyr``ot,,br`nchengin,138000.0,649000.0,2025-11-26,taladrod,marketplace,,,,
FORD,,,2017.0,ekiiyr``ot,,khaaw,49000.0,2190000.0,2025-11-26,taladrod,marketplace,,,,
FORD,,,2022.0,ekiiyr``ot,,khaaw,55490.0,959000.0,2025-11-26,taladrod,marketplace,,,,
PORSCHE,,,2017.0,ekiiyr``ot,,khaaw,34400.0,3650000.0,2025-11-26,taladrod,marketplace,,,,
TOYOTA,,,2023.0,ekiiyr``ot,,dam,27000.0,1299000.0,2025-11-26,taladrod,marketplace,,,,
BENZ,,,2022.0,ekiiyr``ot,,dam,15000.0,1390000.0,2025-11-26,taladrod,marketplace,,,,
BMW,,,2015.0,ekiiyr``ot,,khaaw,200000.0,699000.0,2025-11-26,taladrod,marketplace,,,,
HONDA,,,2022.0,ekiiyr``ot,,dam,52000.0,879000.0,2025-11-26,taladrod,marketplace,,,,
HONDA,,,2007.0,ekiiyr``ot,,br`nchengin,239000.0,189000.0,2025-11-26,taladrod,marketplace,,,,
FORD,,,2023.0,ekiiyr``ot,,ethaa,25085.0,1079000.0,2025-11-26,taladrod,marketplace,,,,
NISSAN,,,2011.0,ekiiyr``ot,,sm,135870.0,159000.0,2025-11-26,taladrod,marketplace,,,,
HONDA,,,2013.0,ekiiyr``ot,,ethaa,110000.0,439000.0,2025-11-26,taladrod,marketplace,,,,
TOYOTA,,,2019.0,ekiiyr``ot,,dam,122672.0,699000.0,2025-11-26,taladrod,marketplace,,,,
BMW,,,2014.0,ekiiyr``ot,,ethaa,126540.0,359000.0,2025-11-26,taladrod,marketplace,,,,
TOYOTA,,,2020.0,ekiiyr``ot,,dam,130000.0,1279000.0,2025-11-26,taladrod,marketplace,,,,
TOYOTA,,,2019.0,ekiiyr``ot,,khaaw,45517.0,749000.0,2025-11-26,taladrod,marketplace,,,,
HONDA,,,2023.0,ekiiyr``ot,,khaaw,39000.0,859000.0,2025-11-26,taladrod,marketplace,,,,
HONDA,,,2017.0,ekiiyr``ot,,khaaw,89230.0,369000.0,2025-11-26,taladrod,marketplace,,,,
HONDA,,,2020.0,ekiiyr``ot,,khaaw,110600.0,719000.0,2025-11-26,taladrod,marketplace,,,,
TOYOTA,,,2017.0,ekiiyr``ot,,khaaw,63000.0,599000.0,2025-11-26,taladrod,marketplace,,,,
NISSAN,,,2022.0,ekiiyr``ot,,dam,15000.0,359000.0,2025-11-26,taladrod,marketplace,,,,
TOYOTA,,,2019.0,ekiiyr``ot,,br`nchengin,31513.0,499000.0,2025-11-26,taladrod,marketplace,,,,
VOLKSWAGEN,,,2017.0,ekiiyr``ot,,khaaw,100000.0,1090000.0,2025-11-26,taladrod,marketplace,,,,
TOYOTA,,,2023.0,ekiiyr``ot,,dam,20000.0,2790000.0,2025-11-26,taladrod,marketplace,,,,
MITSUBISHI,,,2016.0,ekiiyrthrrmdaa,,ekhiiyw,68760.0,355000.0,2025-11-26,taladrod,marketplace,,,,
TOYOTA,,,2019.0,ekiiyr``ot,,dam,51324.0,719000.0,2025-11-26,taladrod,marketplace,,,,
TOYOTA,,,2024.0,ekiiyrthrrmdaa,,ethaa,6100.0,439000.0,2025-11-26,taladrod,marketplace,,,,
MAZDA,,,2014.0,ekiiyr``ot,,khaaw,193000.0,139000.0,2025-11-26,taladrod,marketplace,,,,
CHEVROLET,,,2017.0,ekiiyr``ot,,khaaw,112065.0,325000.0,2025-11-26,taladrod,marketplace,,,,
TOYOTA,,,2020.0,ekiiyr``ot,,br`nchengin,96863.0,485000.0,2025-11-26,taladrod,marketplace,,,,
BMW,,,2017.0,ekiiyr``ot,,dam,159000.0,990000.0,2025-11-26,taladrod,marketplace,,,,
TOYOTA,,,2018.0,ekiiyr``ot,,khaaw,160000.0,699000.0,2025-11-26,taladrod,marketplace,,,,
HONDA,,,2020.0,ekiiyr``ot,,khaaw,56000.0,429000.0,2025-11-26,taladrod,marketplace,,,,
TOYOTA,,,2018.0,ekiiyr``ot,,khaaw,63665.0,329000.0,2025-11-26,taladrod,marketplace,,,,
MITSUBISHI,,,2019.0,ekiiyr``ot,,br`nchengin,74602.0,199000.0,2025-11-26,taladrod,marketplace,,,,
TOYOTA,,,2018.0,ekiiyr``ot,,khaaw,132685.0,1990000.0,2025-11-26,taladrod,marketplace,,,,
BMW,,,2012.0,ekiiyr``ot,,ethaa,160000.0,1219000.0,2025-11-26,taladrod,marketplace,,,,
HONDA,,,2020.0,ekiiyr``ot,,dam,182860.0,650000.0,2025-11-26,taladrod,marketplace,,,,
BENZ,,,2008.0,ekiiyr``ot,,dam,109702.0,728000.0,2025-11-26,taladrod,marketplace,,,,
AUDI,,,2015.0,ekiiyr``ot,,ethaa,14926.0,4350000.0,2025-11-26,taladrod,marketplace,,,,
TOYOTA,,,2018.0,ekiiyr``ot,,ethaa,150000.0,499000.0,2025-11-26,taladrod,marketplace,,,,
BMW,,,2022.0,ekiiyr``ot,,dam,123862.0,1890000.0,2025-11-26,taladrod,marketplace,,,,
TOYOTA,,,2021.0,ekiiyr``ot,,dam,49219.0,1129000.0,2025-11-26,taladrod,marketplace,,,,
BMW,,,2015.0,ekiiyr``ot,,khaaw,49000.0,469000.0,2025-11-26,taladrod,marketplace,,,,
HONDA,,,2018.0,ekiiyr``ot,,ethaa,99733.0,379000.0,2025-11-26,taladrod,marketplace,,,,
AUDI,,,2020.0,ekiiyr``ot,,ethaa,99482.0,1690000.0,2025-11-26,taladrod,marketplace,,,,
TOYOTA,,,2018.0,ekiiyr``ot,,dam,110000.0,469000.0,2025-11-26,taladrod,marketplace,,,,
VOLVO,,,2018.0,ekiiyr``ot,,khaaw,107000.0,1350000.0,2025-11-26,taladrod,marketplace,,,,
HONDA,,,2012.0,ekiiyr``ot,,khaaw,180000.0,309000.0,2025-11-26,taladrod,marketplace,,,,
BMW,,,2020.0,ekiiyr``ot,,khaaw,130000.0,2290000.0,2025-11-26,taladrod,marketplace,,,,
TOYOTA,,,2022.0,ekiiyr``ot,,dam,6000.0,2790000.0,2025-11-26,taladrod,marketplace,,,,
HONDA,,,2013.0,ekiiyr``ot,,khaaw,290000.0,299000.0,2025-11-26,taladrod,marketplace,,,,
BMW,,,2024.0,ekiiyr``ot,,khaaw,13000.0,2070000.0,2025-11-26,taladrod,marketplace,,,,
BENZ,,,2014.0,ekiiyr``ot,,dam,110000.0,769000.0,2025-11-26,taladrod,marketplace,,,,
BMW,,,2018.0,ekiiyr``ot,,khaaw,90000.0,1029000.0,2025-11-26,taladrod,marketplace,,,,
HONDA,,,2014.0,ekiiyr``ot,,ethaa,208000.0,284000.0,2025-11-26,taladrod,marketplace,,,,
MAZDA,,,2015.0,ekiiyr``ot,,ethaa,134587.0,365000.0,2025-11-26,taladrod,marketplace,,,,
BMW,,,2018.0,ekiiyr``ot,,dam,79000.0,738000.0,2025-11-26,taladrod,marketplace,,,,
BMW,,,2021.0,ekiiyr``ot,,dam,66000.0,1390000.0,2025-11-26,taladrod,marketplace,,,,
FORD,,,2015.0,ekiiyrthrrmdaa,,khaaw,200500.0,495000.0,2025-11-26,taladrod,marketplace,,,,
BMW,,,2020.0,ekiiyr``ot,,dam,61000.0,1069000.0,2025-11-26,taladrod,marketplace,,,,
TOYOTA,,,2020.0,ekiiyr``ot,,br`nchengin,120000.0,428000.0,2025-11-26,taladrod,marketplace,,,,
TOYOTA,,,2017.0,ekiiyr``ot,,khaaw,67000.0,1790000.0,2025-11-26,taladrod,marketplace,,,,
HONDA,,,2017.0,ekiiyr``ot,,ethaa,180000.0,389000.0,2025-11-26,taladrod,marketplace,,,,
TOYOTA,,,2019.0,ekiiyr``ot,,br`nchengin,140000.0,358000.0,2025-11-26,taladrod,marketplace,,,,
TOYOTA,,,2013.0,ekiiyr``ot,,namtaal,136299.0,299000.0,2025-11-26,taladrod,marketplace,,,,
HONDA,,,2017.0,ekiiyr``ot,,br`nchengin,146000.0,365000.0,2025-11-26,taladrod,marketplace,,,,
HONDA,,,2003.0,ekiiyr``ot,,dam,270065.0,89000.0,2025-11-26,taladrod,marketplace,,,,
MINI,,,2001.0,ekiiyr``ot,,sm,130000.0,469000.0,2025-11-26,taladrod,marketplace,,,,
BMW,,,2020.0,ekiiyr``ot,,khaaw,140000.0,839000.0,2025-11-26,taladrod,marketplace,,,,
TOYOTA,,,2023.0,ekiiyr``ot,,khaaw,32000.0,2799000.0,2025-11-26,taladrod,marketplace,,,,
TOYOTA,,,2022.0,ekiiyr``ot,,ethaa,55212.0,1145000.0,2025-11-26,taladrod,marketplace,,,,
ISUZU,,,2023.0,ekiiyr``ot,,khaaw,82800.0,995000.0,2025-11-26,taladrod,marketplace,,,,
CHEVROLET,,,2012.0,ekiiyr``ot,,khaaw,130000.0,188000.0,2025-11-26,taladrod,marketplace,,,,
TOYOTA,,,2020.0,ekiiyr``ot,,dam,150391.0,1580000.0,2025-11-26,taladrod,marketplace,,,,
TOYOTA,,,2018.0,ekiiyr``ot,,khaaw,177000.0,365000.0,2025-11-26,taladrod,marketplace,,,,
HYUNDAI,,,2016.0,ekiiyr``ot,,br`nchengin,220000.0,729000.0,2025-11-26,taladrod,marketplace,,,,
HONDA,,,2022.0,ekiiyr``ot,,dam,50726.0,898000.0,2025-11-26,taladrod,marketplace,,,,
SUZUKI,,,2013.0,ekiiyrthrrmdaa,,khaaw,170000.0,69000.0,2025-11-26,taladrod,marketplace,,,,
BENZ,,,2015.0,ekiiyr``ot,,khaaw,140000.0,469000.0,2025-11-26,taladrod,marketplace,,,,
TOYOTA,,,2019.0,ekiiyr``ot,,br`nchengin,150000.0,799000.0,2025-11-26,taladrod,marketplace,,,,
ISUZU,,,2020.0,ekiiyrthrrmdaa,,khaaw,98684.0,529000.0,2025-11-26,taladrod,marketplace,,,,
TOYOTA,,,2022.0,ekiiyr``ot,,dam,50103.0,1245000.0,2025-11-26,taladrod,marketplace,,,,
HONDA,,,2020.0,ekiiyr``ot,,ethaa,209000.0,549000.0,2025-11-26,taladrod,marketplace,,,,
HONDA,,,2019.0,ekiiyr``ot,,khaaw,100000.0,729000.0,2025-11-26,taladrod,marketplace,,,,
NISSAN,,,2012.0,ekiiyr``ot,,dam,120000.0,359000.0,2025-11-26,taladrod,marketplace,,,,
TOYOTA,,,2021.0,ekiiyr``ot,,faa,67000.0,419000.0,2025-11-26,taladrod,marketplace,,,,
FORD,,,2017.0,ekiiyr``ot,,dam,154157.0,565000.0,2025-11-26,taladrod,marketplace,,,,
TOYOTA,,,2017.0,ekiiyr``ot,,dam,76000.0,319000.0,2025-11-26,taladrod,marketplace,,,,
TOYOTA,,,2020.0,ekiiyr``ot,,dam,121113.0,529000.0,2025-11-26,taladrod,marketplace,,,,
SUZUKI,,,2016.0,ekiiyr``ot,,dam,125821.0,165000.0,2025-11-26,taladrod,marketplace,,,,
TOYOTA,,,2022.0,ekiiyrthrrmdaa,,dam,12351.0,369000.0,2025-11-26,taladrod,marketplace,,,,
HONDA,,,2021.0,ekiiyr``ot,,ethaa,46000.0,399000.0,2025-11-26,taladrod,marketplace,,,,
HONDA,,,2025.0,ekiiyr``ot,,dam,,519000.0,2025-11-26,taladrod,marketplace,,,,
TOYOTA,,,2022.0,ekiiyr``ot,,ethaa,87500.0,669000.0,2025-11-26,taladrod,marketplace,,,,
TOYOTA,,,2022.0,ekiiyr``ot,,ethaa,73990.0,565000.0,2025-11-26,taladrod,marketplace,,,,
MITSUBISHI,,,2017.0,ekiiyr``ot,,khaaw,265000.0,567000.0,2025-11-26,taladrod,marketplace,,,,
TOYOTA,,,2023.0,ekiiyrthrrmdaa,,khaaw,5000.0,677000.0,2025-11-26,taladrod,marketplace,,,,
TOYOTA,,,2017.0,ekiiyr``ot,,khaaw,166000.0,1549000.0,2025-11-26,taladrod,marketplace,,,,
HONDA,,,2013.0,ekiiyr``ot,,ethaa,170000.0,219000.0,2025-11-26,taladrod,marketplace,,,,
NISSAN,,,2020.0,ekiiyr``ot,,sm,40000.0,379000.0,2025-11-26,taladrod,marketplace,,,,
BENZ,,,2014.0,ekiiyr``ot,,khaaw,82800.0,950000.0,2025-11-26,taladrod,marketplace,,,,
MAZDA,,,2016.0,ekiiyr``ot,,ethaa,150000.0,359000.0,2025-11-26,taladrod,marketplace,,,,
MAZDA,,,2021.0,ekiiyr``ot,,khaaw,140000.0,859000.0,2025-11-26,taladrod,marketplace,,,,
NISSAN,,,2020.0,ekiiyr``ot,,ethaa,30000.0,369000.0,2025-11-26,taladrod,marketplace,,,,
HYUNDAI,,,2021.0,ekiiyr``ot,,dam,110000.0,899000.0,2025-11-26,taladrod,marketplace,,,,
TOYOTA,,,2023.0,ekiiyr``ot,,khaaw,46000.0,539000.0,2025-11-26,taladrod,marketplace,,,,
BENZ,,,2018.0,ekiiyr``ot,,khaaw,56000.0,899000.0,2025-11-26,taladrod,marketplace,,,,
TOYOTA,,,2020.0,ekiiyr``ot,,khaaw,73000.0,419000.0,2025-11-26,taladrod,marketplace,,,,
NISSAN,,,2013.0,ekiiyr``ot,,khaaw,,130000.0,2025-11-26,taladrod,marketplace,,,,
HONDA,,,2020.0,ekiiyr``ot,,namengin,170000.0,498000.0,2025-11-26,taladrod,marketplace,,,,
HONDA,,,2021.0,ekiiyr``ot,,khaaw,30000.0,440000.0,2025-11-26,taladrod,marketplace,,,,
BENZ,,,2017.0,ekiiyr``ot,,dam,90902.0,790000.0,2025-11-26,taladrod,marketplace,,,,
HONDA,,,2019.0,ekiiyr``ot,,ethaa,40000.0,379000.0,2025-11-26,taladrod,marketplace,,,,
HONDA,,,2014.0,ekiiyr``ot,,dam,223231.0,199000.0,2025-11-26,taladrod,marketplace,,,,
HYUNDAI,,,2018.0,ekiiyr``ot,,namtaal,160000.0,865000.0,2025-11-26,taladrod,marketplace,,,,
MAZDA,,,2017.0,ekiiyr``ot,,ethaa,224410.0,235000.0,2025-11-26,taladrod,marketplace,,,,
HONDA,,,2017.0,ekiiyr``ot,,khaaw,138690.0,549000.0,2025-11-26,taladrod,marketplace,,,,
TOYOTA,,,2016.0,ekiiyr``ot,,khaaw,220000.0,720000.0,2025-11-26,taladrod,marketplace,,,,
MAZDA,,,2016.0,ekiiyr``ot,,dam,295000.0,355000.0,2025-11-26,taladrod,marketplace,,,,
ISUZU,,,2022.0,ekiiyrthrrmdaa,,khaaw,190000.0,398000.0,2025-11-26,taladrod,marketplace,,,,
ISUZU,,,2021.0,ekiiyrthrrmdaa,,khaaw,200000.0,519000.0,2025-11-26,taladrod,marketplace,,,,
PORSCHE,,,2020.0,ekiiyr``ot,,dam,30000.0,4590000.0,2025-11-26,taladrod,marketplace,,,,
BMW,,,2020.0,ekiiyr``ot,,khaaw,94000.0,1299000.0,2025-11-26,taladrod,marketplace,,,,
FORD,,,2023.0,ekiiyr``ot,,sm,30000.0,1380000.0,2025-11-26,taladrod,marketplace,,,,
ISUZU,,,2022.0,ekiiyrthrrmdaa,,khaaw,100000.0,685000.0,2025-11-26,taladrod,marketplace,,,,
ISUZU,,,2023.0,ekiiyrthrrmdaa,,khaaw,100000.0,735000.0,2025-11-26,taladrod,marketplace,,,,
HONDA,,,2015.0,ekiiyr``ot,,dam,145000.0,329000.0,2025-11-26,taladrod,marketplace,,,,
MAZDA,,,2018.0,ekiiyr``ot,,khaaw,106000.0,419000.0,2025-11-26,taladrod,marketplace,,,,
MAZDA,,,2016.0,ekiiyr``ot,,ethaa,103000.0,299000.0,2025-11-26,taladrod,marketplace,,,,
TOYOTA,,,2020.0,ekiiyr``ot,,aedng,31789.0,920000.0,2025-11-26,taladrod,marketplace,,,,
BENZ,,,2013.0,ekiiyr``ot,,dam,160000.0,359000.0,2025-11-26,taladrod,marketplace,,,,
BMW,,,2021.0,ekiiyr``ot,,khaaw,60000.0,1890000.0,2025-11-26,taladrod,marketplace,,,,
NISSAN,,,2021.0,ekiiyr``ot,,sm,57000.0,489000.0,2025-11-26,taladrod,marketplace,,,,
BENZ,,,2017.0,ekiiyr``ot,,ethaa,100727.0,1300000.0,2025-11-26,taladrod,marketplace,,,,
HONDA,,,2015.0,ekiiyr``ot,,dam,80000.0,439000.0,2025-11-26,taladrod,marketplace,,,,
BMW,,,2014.0,ekiiyr``ot,,khaaw,93104.0,599000.0,2025-11-26,taladrod,marketplace,,,,
BMW,,,2018.0,ekiiyr``ot,,khaaw,175728.0,999000.0,2025-11-26,taladrod,marketplace,,,,
SUBARU,,,2020.0,ekiiyr``ot,,khaaw,100000.0,738000.0,2025-11-26,taladrod,marketplace,,,,
BENZ,,,2015.0,ekiiyr``ot,,khaaw,91624.0,477000.0,2025-11-26,taladrod,marketplace,,,,
HONDA,,,2012.0,ekiiyr``ot,,khaaw,200000.0,219000.0,2025-11-26,taladrod,marketplace,,,,
TOYOTA,,,2019.0,ekiiyr``ot,,br`nchengin,90213.0,679000.0,2025-11-26,taladrod,marketplace,,,,
VOLKSWAGEN,,,2013.0,ekiiyr``ot,,dam,220000.0,399000.0,2025-11-26,taladrod,marketplace,,,,
BMW,,,2014.0,ekiiyr``ot,,aedng,70000.0,998000.0,2025-11-26,taladrod,marketplace,,,,
CHEVROLET,,,2019.0,ekiiyr``ot,,dam,139000.0,499000.0,2025-11-26,taladrod,marketplace,,,,
MINI,,,2021.0,ekiiyr``ot,,ethaa,82742.0,1190000.0,2025-11-26,taladrod,marketplace,,,,
TOYOTA,,,2014.0,ekiiyr``ot,,khaaw,130000.0,199000.0,2025-11-26,taladrod,marketplace,,,,
MAZDA,,,2018.0,ekiiyr``ot,,ethaa,200000.0,499000.0,2025-11-26,taladrod,marketplace,,,,
BENZ,,,2020.0,ekiiyr``ot,,ethaa,96000.0,999000.0,2025-11-26,taladrod,marketplace,,,,
VOLVO,,,2020.0,ekiiyr``ot,,br`nchengin,60000.0,1060000.0,2025-11-26,taladrod,marketplace,,,,
TOYOTA,,,2018.0,ekiiyr``ot,,khaaw,213172.0,338000.0,2025-11-26,taladrod,marketplace,,,,
HONDA,,,2019.0,ekiiyr``ot,,br`nchengin,90000.0,379000.0,2025-11-26,taladrod,marketplace,,,,
MITSUBISHI,,,2014.0,ekiiyr``ot,,khaaw,334000.0,289000.0,2025-11-26,taladrod,marketplace,,,,
BMW,,,2019.0,ekiiyr``ot,,khaaw,113000.0,859000.0,2025-11-26,taladrod,marketplace,,,,
TOYOTA,,,2019.0,ekiiyr``ot,,dam,176694.0,635000.0,2025-11-26,taladrod,marketplace,,,,
BENZ,,,2018.0,ekiiyr``ot,,ethaa,80000.0,859000.0,2025-11-26,taladrod,marketplace,,,,
TOYOTA,,,2019.0,ekiiyr``ot,,namtaal,56542.0,799000.0,2025-11-26,taladrod,marketplace,,,,
TOYOTA,,,2014.0,ekiiyr``ot,,khaaw,140000.0,849000.0,2025-11-26,taladrod,marketplace,,,,
HONDA,,,2023.0,ekiiyr``ot,,khaaw,28689.0,419000.0,2025-11-26,taladrod,marketplace,,,,
MITSUBISHI,,,2009.0,ekiiyr``ot,,ethaa,175000.0,99000.0,2025-11-26,taladrod,marketplace,,,,
TOYOTA,,,2023.0,ekiiyr``ot,,khaaw,25754.0,635000.0,2025-11-26,taladrod,marketplace,,,,
BMW,,,2020.0,ekiiyr``ot,,khaaw,170000.0,770000.0,2025-11-26,taladrod,marketplace,,,,
ISUZU,,,2015.0,ekiiyr``ot,,br`nchengin,140000.0,190000.0,2025-11-26,taladrod,marketplace,,,,
HYUNDAI,,,2019.0,ekiiyr``ot,,namtaal,70000.0,955000.0,2025-11-26,taladrod,marketplace,,,,
HONDA,,,2015.0,ekiiyr``ot,,khaaw,115899.0,348000.0,2025-11-26,taladrod,marketplace,,,,
NISSAN,,,2020.0,ekiiyr``ot,,sm,74143.0,339000.0,2025-11-26,taladrod,marketplace,,,,
BENZ,,,2011.0,ekiiyr``ot,,dam,138106.0,529000.0,2025-11-26,taladrod,marketplace,,,,
BENZ,,,2017.0,ekiiyr``ot,,ethaa,125000.0,699000.0,2025-11-26,taladrod,marketplace,,,,
MITSUBISHI,,,2012.0,ekiiyr``ot,,ethaa,338475.0,459000.0,2025-11-26,taladrod,marketplace,,,,
HONDA,,,2013.0,ekiiyr``ot,,khaaw,348715.0,349000.0,2025-11-26,taladrod,marketplace,,,,
HONDA,,,2018.0,ekiiyr``ot,,ekhiiyw,165000.0,679000.0,2025-11-26,taladrod,marketplace,,,,
BMW,,,2021.0,ekiiyr``ot,,khaaw,67000.0,1358000.0,2025-11-26,taladrod,marketplace,,,,
HONDA,,,2022.0,ekiiyr``ot,,ethaa,73000.0,899000.0,2025-11-26,taladrod,marketplace,,,,
TOYOTA,,,2019.0,ekiiyr``ot,,khaaw,194052.0,809000.0,2025-11-26,taladrod,marketplace,,,,
BENZ,,,2007.0,ekiiyr``ot,,ethaa,129833.0,199000.0,2025-11-26,taladrod,marketplace,,,,
HONDA,,,2019.0,ekiiyr``ot,,br`nchengin,160000.0,699000.0,2025-11-26,taladrod,marketplace,,,,
ISUZU,,,2013.0,ekiiyr``ot,,br`nchengin,229700.0,359000.0,2025-11-26,taladrod,marketplace,,,,
TOYOTA,,,2011.0,ekiiyr``ot,,ethaa,100000.0,169000.0,2025-11-26,taladrod,marketplace,,,,
HONDA,,,2018.0,ekiiyr``ot,,aedng,293211.0,549000.0,2025-11-26,taladrod,marketplace,,,,
BMW,,,2019.0,ekiiyr``ot,,khaaw,110000.0,928000.0,2025-11-26,taladrod,marketplace,,,,
BENZ,,,2014.0,ekiiyr``ot,,khaaw,110000.0,595000.0,2025-11-26,taladrod,marketplace,,,,
AUDI,,,2020.0,ekiiyr``ot,,aedng,63000.0,1398000.0,2025-11-26,taladrod,marketplace,,,,
NISSAN,,,2018.0,ekiiyr``ot,,khaaw,63000.0,689000.0,2025-11-26,taladrod,marketplace,,,,
KIA,,,2022.0,ekiiyr``ot,,ethaa,138729.0,1458000.0,2025-11-26,taladrod,marketplace,,,,
HONDA,,,2018.0,ekiiyr``ot,,dam,246223.0,429000.0,2025-11-26,taladrod,marketplace,,,,
MG,,,2020.0,ekiiyr``ot,,khaaw,89000.0,395000.0,2025-11-26,taladrod,marketplace,,,,
BENZ,,,2014.0,ekiiyr``ot,,khaaw,120000.0,990000.0,2025-11-26,taladrod,marketplace,,,,
TOYOTA,,,2011.0,ekiiyr``ot,,dam,210000.0,259000.0,2025-11-26,taladrod,marketplace,,,,
NISSAN,,,2015.0,ekiiyr``ot,,khaaw,90000.0,187000.0,2025-11-26,taladrod,marketplace,,,,
TOYOTA,,,2020.0,ekiiyr``ot,,dam,53453.0,779000.0,2025-11-26,taladrod,marketplace,,,,
NISSAN,,,2022.0,ekiiyrthrrmdaa,,namtaal,38000.0,319000.0,2025-11-26,taladrod,marketplace,,,,
HONDA,,,2013.0,ekiiyr``ot,,br`nchengin,185000.0,219000.0,2025-11-26,taladrod,marketplace,,,,
BENZ,,,2019.0,ekiiyr``ot,,khaaw,107200.0,1425000.0,2025-11-26,taladrod,marketplace,,,,
FORD,,,2020.0,ekiiyr``ot,,khaaw,113645.0,759000.0,2025-11-26,taladrod,marketplace,,,,
BENZ,,,2013.0,ekiiyr``ot,,dam,150000.0,759000.0,2025-11-26,taladrod,marketplace,,,,
NETA,,,2023.0,ekiiyr``ot,,ekhiiyw,25000.0,280000.0,2025-11-26,taladrod,marketplace,,,,
TOYOTA,,,2019.0,ekiiyrthrrmdaa,,br`nchengin,150000.0,829000.0,2025-11-26,taladrod,marketplace,,,,
TOYOTA,,,2024.0,ekiiyr``ot,,br`nchth`ng,17879.0,120000.0,2025-11-26,taladrod,marketplace,,,,
TOYOTA,,,2006.0,ekiiyr``ot,,ethaa,178000.0,333000.0,2025-11-26,taladrod,marketplace,,,,
TOYOTA,,,2016.0,ekiiyrthrrmdaa,,khaaw,210000.0,549000.0,2025-11-26,taladrod,marketplace,,,,
AUDI,,,1998.0,ekiiyr``ot,,ethaa,281024.0,68000.0,2025-11-26,taladrod,marketplace,,,,
TOYOTA,,,2020.0,ekiiyr``ot,,khaaw,118185.0,649000.0,2025-11-26,taladrod,marketplace,,,,
SUBARU,,,2016.0,ekiiyr``ot,,sm,79464.0,438000.0,2025-11-26,taladrod,marketplace,,,,
FORD,,,2018.0,ekiiyr``ot,,dam,70000.0,419000.0,2025-11-26,taladrod,marketplace,,,,
MITSUBISHI,,,2011.0,ekiiyr``ot,,khaaw,257637.0,349000.0,2025-11-26,taladrod,marketplace,,,,
TOYOTA,,,2020.0,ekiiyr``ot,,dam,7778.0,1650000.0,2025-11-26,taladrod,marketplace,,,,
TOYOTA,,,2017.0,ekiiyr``ot,,khaaw,175000.0,859000.0,2025-11-26,taladrod,marketplace,,,,
HONDA,,,2024.0,ekiiyr``ot,,khaaw,23000.0,899000.0,2025-11-26,taladrod,marketplace,,,,
VOLKSWAGEN,,,2017.0,ekiiyr``ot,,ethaa,80000.0,1590000.0,2025-11-26,taladrod,marketplace,,,,
TOYOTA,,,2021.0,ekiiyr``ot,,ethaa,59000.0,579000.0,2025-11-26,taladrod,marketplace,,,,
PORSCHE,,,2021.0,ekiiyr``ot,,khaaw,20000.0,11900000.0,2025-11-26,taladrod,marketplace,,,,
BMW,,,2021.0,ekiiyr``ot,,ethaa,20579.0,1390000.0,2025-11-26,taladrod,marketplace,,,,
BENZ,,,2006.0,ekiiyr``ot,,br`nchengin,190000.0,349000.0,2025-11-26,taladrod,marketplace,,,,
BENZ,,,2011.0,ekiiyr``ot,,ethaa,150000.0,490000.0,2025-11-26,taladrod,marketplace,,,,
ISUZU,,,2016.0,ekiiyrthrrmdaa,,khaaw,178263.0,298000.0,2025-11-26,taladrod,marketplace,,,,
BENZ,,,2012.0,ekiiyr``ot,,khaaw,120000.0,689000.0,2025-11-26,taladrod,marketplace,,,,
TOYOTA,,,2015.0,ekiiyr``ot,,khaaw,125000.0,559000.0,2025-11-26,taladrod,marketplace,,,,
MAZDA,,,2010.0,ekiiyrthrrmdaa,,dam,162908.0,148000.0,2025-11-26,taladrod,marketplace,,,,
TOYOTA,,,2022.0,ekiiyr``ot,,khaaw,82000.0,359000.0,2025-11-26,taladrod,marketplace,,,,
MITSUBISHI,,,2023.0,ekiiyr``ot,,khaaw,17000.0,339000.0,2025-11-26,taladrod,marketplace,,,,
FORD,,,2022.0,ekiiyr``ot,,khaaw,84000.0,469000.0,2025-11-26,taladrod,marketplace,,,,
BENZ,,,2013.0,ekiiyr``ot,,ethaa,61548.0,558000.0,2025-11-26,taladrod,marketplace,,,,
NISSAN,,,2020.0,ekiiyr``ot,,khaaw,25000.0,319000.0,2025-11-26,taladrod,marketplace,,,,
ISUZU,,,2022.0,ekiiyr``ot,,dam,36547.0,639000.0,2025-11-26,taladrod,marketplace,,,,
HONDA,,,2022.0,ekiiyr``ot,,khaaw,63759.0,459000.0,2025-11-26,taladrod,marketplace,,,,
TOYOTA,,,2021.0,ekiiyr``ot,,ethaa,14000.0,1065000.0,2025-11-26,taladrod,marketplace,,,,
TOYOTA,,,2022.0,ekiiyr``ot,,khaaw,84000.0,680000.0,2025-11-26,taladrod,marketplace,,,,
TOYOTA,,,2016.0,ekiiyr``ot,,ethaa,63979.0,265000.0,2025-11-26,taladrod,marketplace,,,,
BENZ,,,2011.0,ekiiyr``ot,,khaaw,53000.0,749000.0,2025-11-26,taladrod,marketplace,,,,
BENZ,,,2014.0,ekiiyr``ot,,dam,270000.0,890000.0,2025-11-26,taladrod,marketplace,,,,
MITSUBISHI,,,2015.0,ekiiyr``ot,,ethaa,260000.0,369000.0,2025-11-26,taladrod,marketplace,,,,
HONDA,,,2022.0,ekiiyr``ot,,khaaw,46667.0,898000.0,2025-11-26,taladrod,marketplace,,,,
TOYOTA,,,2019.0,ekiiyr``ot,,khaaw,203034.0,1980000.0,2025-11-26,taladrod,marketplace,,,,
FORD,,,2006.0,ekiiyrthrrmdaa,,khaaw,200000.0,129000.0,2025-11-26,taladrod,marketplace,,,,
FORD,,,2016.0,ekiiyrthrrmdaa,,aedng,100000.0,275000.0,2025-11-26,taladrod,marketplace,,,,
BENZ,,,2011.0,ekiiyr``ot,,khaaw,60000.0,799000.0,2025-11-26,taladrod,marketplace,,,,
PORSCHE,,,2012.0,ekiiyr``ot,,ethaa,70000.0,1457000.0,2025-11-26,taladrod,marketplace,,,,
FORD,,,2017.0,ekiiyr``ot,,ethaa,260000.0,533000.0,2025-11-26,taladrod,marketplace,,,,
TOYOTA,,,2015.0,ekiiyr``ot,,khaaw,80224.0,699000.0,2025-11-26,taladrod,marketplace,,,,
BENZ,,,2019.0,ekiiyr``ot,,dam,88251.0,1850000.0,2025-11-26,taladrod,marketplace,,,,
BENZ,,,2020.0,ekiiyr``ot,,dam,50000.0,859000.0,2025-11-26,taladrod,marketplace,,,,
SUZUKI,,,2018.0,ekiiyr``ot,,aedng,48000.0,299000.0,2025-11-26,taladrod,marketplace,,,,
HONDA,,,2018.0,ekiiyr``ot,,ethaa,182000.0,649000.0,2025-11-26,taladrod,marketplace,,,,
TOYOTA,,,2016.0,ekiiyr``ot,,khaaw,122399.0,519000.0,2025-11-26,taladrod,marketplace,,,,
HONDA,,,2006.0,ekiiyr``ot,,ethaa,219088.0,178000.0,2025-11-26,taladrod,marketplace,,,,
TOYOTA,,,2012.0,ekiiyr``ot,,khaaw,90000.0,459000.0,2025-11-26,taladrod,marketplace,,,,
TOYOTA,,,2011.0,ekiiyr``ot,,ethaa,202180.0,288000.0,2025-11-26,taladrod,marketplace,,,,
PEUGEOT,,,2012.0,ekiiyr``ot,,ethaa,37919.0,258000.0,2025-11-26,taladrod,marketplace,,,,
SUZUKI,,,2022.0,ekiiyr``ot,,namengin,21390.0,345000.0,2025-11-26,taladrod,marketplace,,,,
NISSAN,,,2017.0,ekiiyr``ot,,ethaa,161000.0,215000.0,2025-11-26,taladrod,marketplace,,,,
TOYOTA,,,2017.0,ekiiyr``ot,,ethaa,78122.0,269000.0,2025-11-26,taladrod,marketplace,,,,
TOYOTA,,,2013.0,ekiiyr``ot,,khaaw,170000.0,149000.0,2025-11-26,taladrod,marketplace,,,,
TOYOTA,,,2015.0,ekiiyr``ot,,khaaw,190000.0,1748000.0,2025-11-26,taladrod,marketplace,,,,
HONDA,,,2016.0,ekiiyr``ot,,dam,112000.0,478000.0,2025-11-26,taladrod,marketplace,,,,
BENZ,,,2010.0,ekiiyr``ot,,ethaa,148737.0,368000.0,2025-11-26,taladrod,marketplace,,,,
TOYOTA,,,2015.0,ekiiyr``ot,,ethaa,150000.0,199000.0,2025-11-26,taladrod,marketplace,,,,
TOYOTA,,,2015.0,ekiiyr``ot,,br`nchengin,125000.0,199000.0,2025-11-26,taladrod,marketplace,,,,
HONDA,,,2021.0,ekiiyr``ot,,aedng,54600.0,459000.0,2025-11-26,taladrod,marketplace,,,,
TOYOTA,,,2022.0,ekiiyr``ot,,ethaa,51330.0,425000.0,2025-11-26,taladrod,marketplace,,,,
TOYOTA,,,2022.0,ekiiyr``ot,,khaaw,91700.0,439000.0,2025-11-26,taladrod,marketplace,,,,
NISSAN,,,2018.0,ekiiyrthrrmdaa,,khaaw,63000.0,338000.0,2025-11-26,taladrod,marketplace,,,,
TOYOTA,,,2015.0,ekiiyr``ot,,dam,118511.0,718000.0,2025-11-26,taladrod,marketplace,,,,
MITSUBISHI,,,2013.0,ekiiyr``ot,,khaaw,170000.0,379000.0,2025-11-26,taladrod,marketplace,,,,
TOYOTA,,,2017.0,ekiiyr``ot,,ethaa,127000.0,459000.0,2025-11-26,taladrod,marketplace,,,,
HONDA,,,2018.0,ekiiyr``ot,,dam,103612.0,569000.0,2025-11-26,taladrod,marketplace,,,,
BENZ,,,2019.0,ekiiyr``ot,,dam,50000.0,2089000.0,2025-11-26,taladrod,marketplace,,,,
HONDA,,,2017.0,ekiiyr``ot,,namengin,208000.0,559000.0,2025-11-26,taladrod,marketplace,,,,
TOYOTA,,,2017.0,ekiiyr``ot,,khaaw,144000.0,639000.0,2025-11-26,taladrod,marketplace,,,,
MITSUBISHI,,,2017.0,ekiiyr``ot,,namtaal,120000.0,619000.0,2025-11-26,taladrod,marketplace,,,,
VOLKSWAGEN,,,2012.0,ekiiyr``ot,,br`nchengin,113441.0,629000.0,2025-11-26,taladrod,marketplace,,,,
TOYOTA,,,2021.0,ekiiyr``ot,,khaaw,140000.0,2090000.0,2025-11-26,taladrod,marketplace,,,,
BMW,,,2017.0,ekiiyr``ot,,khaaw,130000.0,689000.0,2025-11-26,taladrod,marketplace,,,,
FORD,,,2017.0,ekiiyrthrrmdaa,,ethaa,75675.0,239000.0,2025-11-26,taladrod,marketplace,,,,
BENZ,,,2007.0,ekiiyr``ot,,namtaal,165010.0,455000.0,2025-11-26,taladrod,marketplace,,,,
BMW,,,2021.0,ekiiyr``ot,,khaaw,85000.0,1098000.0,2025-11-26,taladrod,marketplace,,,,
TOYOTA,,,2014.0,ekiiyr``ot,,khaaw,135172.0,419000.0,2025-11-26,taladrod,marketplace,,,,
ISUZU,,,2019.0,ekiiyr``ot,,khaaw,184310.0,675000.0,2025-11-26,taladrod,marketplace,,,,
TOYOTA,,,2022.0,ekiiyr``ot,,khaaw,29619.0,409000.0,2025-11-26,taladrod,marketplace,,,,
BMW,,,2010.0,ekiiyr``ot,,khaaw,120000.0,1099000.0,2025-11-26,taladrod,marketplace,,,,
HONDA,,,2019.0,ekiiyr``ot,,ethaa,104000.0,499000.0,2025-11-26,taladrod,marketplace,,,,
FORD,,,2020.0,ekiiyrthrrmdaa,,khaaw,125130.0,325000.0,2025-11-26,taladrod,marketplace,,,,
BMW,,,2021.0,ekiiyr``ot,,khaaw,72101.0,990000.0,2025-11-26,taladrod,marketplace,,,,
FORD,,,2012.0,ekiiyr``ot,,khaaw,190000.0,250000.0,2025-11-26,taladrod,marketplace,,,,
MAZDA,,,2020.0,ekiiyr``ot,,ethaa,55309.0,899000.0,2025-11-26,taladrod,marketplace,,,,
HONDA,,,2012.0,ekiiyr``ot,,khaaw,260000.0,308000.0,2025-11-26,taladrod,marketplace,,,,
TOYOTA,,,2007.0,ekiiyr``ot,,khaaw,,320000.0,2025-11-26,taladrod,marketplace,,,,
TOYOTA,,,2021.0,ekiiyr``ot,,khaaw,93000.0,739000.0,2025-11-26,taladrod,marketplace,,,,
HAVAL,,,2022.0,ekiiyr``ot,,ethaa,51726.0,599000.0,2025-11-26,taladrod,marketplace,,,,
HONDA,,,2006.0,ekiiyr``ot,,ethaa,221303.0,115000.0,2025-11-26,taladrod,marketplace,,,,
HONDA,,,2008.0,ekiiyr``ot,,dam,231988.0,219000.0,2025-11-26,taladrod,marketplace,,,,
TOYOTA,,,2012.0,ekiiyr``ot,,dam,150000.0,2450000.0,2025-11-26,taladrod,marketplace,,,,
ISUZU,,,2021.0,ekiiyrthrrmdaa,,khaaw,170000.0,349000.0,2025-11-26,taladrod,marketplace,,,,
ISUZU,,,2022.0,ekiiyrthrrmdaa,,khaaw,220000.0,539000.0,2025-11-26,taladrod,marketplace,,,,
ISUZU,,,2019.0,ekiiyr``ot,,khaaw,113957.0,269000.0,2025-11-26,taladrod,marketplace,,,,
HONDA,,,2015.0,ekiiyr``ot,,dam,394000.0,339000.0,2025-11-26,taladrod,marketplace,,,,
AUDI,,,2017.0,ekiiyr``ot,,dam,59000.0,1599000.0,2025-11-26,taladrod,marketplace,,,,
BMW,,,2023.0,ekiiyr``ot,,khaaw,9000.0,2150000.0,2025-11-26,taladrod,marketplace,,,,
NISSAN,,,2016.0,ekiiyr``ot,,ethaa,148000.0,309000.0,2025-11-26,taladrod,marketplace,,,,
BENZ,,,2013.0,ekiiyr``ot,,khaaw,110000.0,699000.0,2025-11-26,taladrod,marketplace,,,,
BMW,,,2020.0,ekiiyr``ot,,khaaw,84882.0,1730000.0,2025-11-26,taladrod,marketplace,,,,
BMW,,,2012.0,ekiiyr``ot,,br`nchengin,194592.0,419000.0,2025-11-26,taladrod,marketplace,,,,
,,,,``otemtik,1200cc,,91498.0,278000.0,2025-11-26,motto,marketplace,,,,
,,,,``otemtik,1900cc,,33788.0,790000.0,2025-11-26,motto,marketplace,,,,
,,,,``otemtik,1900cc,,8253.0,478000.0,2025-11-26,motto,marketplace,,,,
,,,,thrrmdaa,1900cc,,6536.0,422000.0,2025-11-26,motto,marketplace,,,,
,,,,thrrmdaa,1900cc,,23004.0,290000.0,2025-11-26,motto,marketplace,,,,
,,,,thrrmdaa,2500cc,,141205.0,184000.0,2025-11-26,motto,marketplace,,,,
,,,,thrrmdaa,2500cc,,123046.0,142000.0,2025-11-26,motto,marketplace,,,,
,,,,thrrmdaa,1900cc,,1520.0,436000.0,2025-11-26,motto,marketplace,,,,
,,,,``otemtik,2400cc,,242103.0,600000.0,2025-11-26,motto,marketplace,,,,
,,,,``otemtik,2500cc,,210530.0,518000.0,2025-11-26,motto,marketplace,,,,
,,,,thrrmdaa,2500cc,,112902.0,174000.0,2025-11-26,motto,marketplace,,,,
,,,,thrrmdaa,2500cc,,58191.0,220000.0,2025-11-26,motto,marketplace,,,,
,,,,thrrmdaa,3000cc,,145333.0,190000.0,2025-11-26,motto,marketplace,,,,
,,,,``otemtik,2000cc,,112058.0,772000.0,2025-11-26,motto,marketplace,,,,
,,,,``otemtik,204HP,,28095.0,540000.0,2025-11-26,motto,marketplace,,,,
,,,,``otemtik,2400cc,,240407.0,50000.0,2025-11-26,motto,marketplace,,,,
,,,,thrrmdaa,1900cc,,233287.0,93000.0,2025-11-26,motto,marketplace,,,,
,,,,``otemtik,2000cc,,359348.0,150000.0,2025-11-26,motto,marketplace,,,,
,,,,thrrmdaa,3000cc,,381458.0,104000.0,2025-11-26,motto,marketplace,,,,
,,,,thrrmdaa,2500cc,,203266.0,69000.0,2025-11-26,motto,marketplace,,,,
,,,,``otemtik,1500cc,,237688.0,71000.0,2025-11-26,motto,marketplace,,,,
,,,,``otemtik,1500cc,,247402.0,17000.0,2025-11-26,motto,marketplace,,,,
,,,,``otemtik,1500cc,,216994.0,,2025-11-26,motto,marketplace,,,,
,,,,``otemtik,2000cc,,221434.0,,2025-11-26,motto,marketplace,,,,
,,,,thrrmdaa,2000cc,,72000.0,12000.0,2025-11-26,motto,marketplace,,,,
,,,,``otemtik,1200cc,,0.0,,2025-11-26,motto,marketplace,,,,
,,,,``otemtik,1500cc,,21331.0,534000.0,2025-11-26,motto,marketplace,,,,
,,,,``otemtik,1500cc,,16311.0,538000.0,2025-11-26,motto,marketplace,,,,
,,,,``otemtik,1500cc,,18804.0,542000.0,2025-11-26,motto,marketplace,,,,
,,,,``otemtik,1500cc,,30975.0,538000.0,2025-11-26,motto,marketplace,,,,
,,,,``otemtik,1500cc,,24331.0,476000.0,2025-11-26,motto,marketplace,,,,
,,,,``otemtik,1500cc,,27616.0,500000.0,2025-11-26,motto,marketplace,,,,
,,,,thrrmdaa,2400cc,,5116.0,332000.0,2025-11-26,motto,marketplace,,,,
,,,,thrrmdaa,2500cc,,28361.0,328000.0,2025-11-26,motto,marketplace,,,,
,,,,thrrmdaa,2400cc,,14986.0,474000.0,2025-11-26,motto,marketplace,,,,
,,,,``otemtik,1800cc,,78154.0,604000.0,2025-11-26,motto,marketplace,,,,
,,,,thrrmdaa,2400cc,,15463.0,310000.0,2025-11-26,motto,marketplace,,,,
,,,,``otemtik,1200cc,,80453.0,272000.0,2025-11-26,motto,marketplace,,,,
,,,,``otemtik,2400cc,,24730.0,386000.0,2025-11-26,motto,marketplace,,,,
,,,,``otemtik,1200cc,,50765.0,274000.0,2025-11-26,motto,marketplace,,,,
,,,,thrrmdaa,2800cc,,72690.0,412000.0,2025-11-26,motto,marketplace,,,,
,,,,``otemtik,1200cc,,69650.0,248000.0,2025-11-26,motto,marketplace,,,,
,,,,thrrmdaa,2400cc,,43581.0,310000.0,2025-11-26,motto,marketplace,,,,
,,,,thrrmdaa,2400cc,,51249.0,286000.0,2025-11-26,motto,marketplace,,,,
,,,,thrrmdaa,2400cc,,144346.0,212000.0,2025-11-26,motto,marketplace,,,,
,,,,``otemtik,2800cc,,27959.0,462000.0,2025-11-26,motto,marketplace,,,,
,,,,``otemtik,2400cc,,73149.0,764000.0,2025-11-26,motto,marketplace,,,,
,,,,thrrmdaa,1900cc,,45625.0,372000.0,2025-11-26,motto,marketplace,,,,
,,,,thrrmdaa,1900cc,,53705.0,382000.0,2025-11-26,motto,marketplace,,,,
,,,,thrrmdaa,3000cc,,61542.0,144000.0,2025-11-26,motto,marketplace,,,,
,,,,``otemtik,2500cc,,75732.0,554000.0,2025-11-26,motto,marketplace,,,,
,,,,``otemtik,2500cc,,214009.0,1200000.0,2025-11-26,motto,marketplace,,,,
,,,,``otemtik,2500cc,,99413.0,,2025-11-26,motto,marketplace,,,,
,,,,thrrmdaa,2500cc,,454698.0,292000.0,2025-11-26,motto,marketplace,,,,
,,,,``otemtik,2400cc,,101434.0,822000.0,2025-11-26,motto,marketplace,,,,
,,,,``otemtik,1500cc,,84677.0,278000.0,2025-11-26,motto,marketplace,,,,
,,,,``otemtik,3000cc,,94464.0,,2025-11-26,motto,marketplace,,,,
,,,,``otemtik,2400cc,,86442.0,702000.0,2025-11-26,motto,marketplace,,,,
,,,,``otemtik,2500cc,,35585.0,750000.0,2025-11-26,motto,marketplace,,,,
,,,,``otemtik,2200cc,,272505.0,,2025-11-26,motto,marketplace,,,,
,,,,``otemtik,2000cc,,94531.0,1100000.0,2025-11-26,motto,marketplace,,,,
,,,,``otemtik,1500cc,,118387.0,292000.0,2025-11-26,motto,marketplace,,,,
,,,,``otemtik,1600cc,,192078.0,,2025-11-26,motto,marketplace,,,,
,,,,``otemtik,1200cc,,110463.0,410000.0,2025-11-26,motto,marketplace,,,,
,,,,thrrmdaa,1900cc,,37531.0,,2025-11-26,motto,marketplace,,,,
,,,,``otemtik,1500cc,,128061.0,,2025-11-26,motto,marketplace,,,,
,,,,``otemtik,2000cc,,165220.0,100000.0,2025-11-26,motto,marketplace,,,,
,,,,``otemtik,2500cc,,184784.0,,2025-11-26,motto,marketplace,,,,
,,,,``otemtik,1000cc,,267026.0,190000.0,2025-11-26,motto,marketplace,,,,
,,,,thrrmdaa,1900cc,,50983.0,260000.0,2025-11-26,motto,marketplace,,,,
,,,,``otemtik,1600cc,,210858.0,370000.0,2025-11-26,motto,marketplace,,,,
,,,,``otemtik,2500cc,,166455.0,641000.0,2025-11-26,motto,marketplace,,,,
,,,,``otemtik,1600cc,,44762.0,,2025-11-26,motto,marketplace,,,,
,,,,thrrmdaa,2400cc,,237239.0,220000.0,2025-11-26,motto,marketplace,,,,
,,,,``otemtik,1900cc,,363575.0,,2025-11-26,motto,marketplace,,,,
,,,,thrrmdaa,1900cc,,185447.0,,2025-11-26,motto,marketplace,,,,
,,,,``otemtik,2400cc,,99026.0,,2025-11-26,motto,marketplace,,,,
,,,,``otemtik,2500cc,,260277.0,1100000.0,2025-11-26,motto,marketplace,,,,
TOYOTA,,,2012.0,,,,107000.0,236000.0,2025-11-26,one2car,marketplace,,,,
MAZDA,,,2018.0,,,,175000.0,365000.0,2025-11-26,one2car,marketplace,,,,
MITSUBISHI,,,2014.0,,,,190000.0,220000.0,2025-11-26,one2car,marketplace,,,,
HONDA,,,2023.0,,,,80000.0,829000.0,2025-11-26,one2car,marketplace,,,,
FORD,,,2013.0,,,,285000.0,259000.0,2025-11-26,one2car,marketplace,,,,
TOYOTA,,,2022.0,,,,95000.0,879000.0,2025-11-26,one2car,marketplace,,,,
HONDA,,,2022.0,,,,76817.0,769000.0,2025-11-26,one2car,marketplace,,,,
BMW,,,2003.0,,,,110000.0,249000.0,2025-11-26,one2car,marketplace,,,,
TOYOTA,,,2012.0,,,,5000.0,129000.0,2025-11-26,one2car,marketplace,,,,
HONDA,,,2018.0,,,,160000.0,359000.0,2025-11-26,one2car,marketplace,,,,
MERCEDES-BENZ,,,2019.0,,,,110000.0,1550000.0,2025-11-26,one2car,marketplace,,,,
TOYOTA,,,2018.0,,,,140000.0,499000.0,2025-11-26,one2car,marketplace,,,,
BMW,,,2023.0,,,,40000.0,2499000.0,2025-11-26,one2car,marketplace,,,,
HAVAL,,,2022.0,,,,60000.0,615000.0,2025-11-26,one2car,marketplace,,,,
TOYOTA,,,2013.0,,,,220000.0,489000.0,2025-11-26,one2car,marketplace,,,,
BMW,,,2015.0,,,,5000.0,1055000.0,2025-11-26,one2car,marketplace,,,,
BMW,,,2015.0,,,,205000.0,329000.0,2025-11-26,one2car,marketplace,,,,
HONDA,,,2021.0,,,,80000.0,490000.0,2025-11-26,one2car,marketplace,,,,
MITSUBISHI,,,2022.0,,,,70000.0,609000.0,2025-11-26,one2car,marketplace,,,,
TOYOTA,,,2022.0,,,,105000.0,365000.0,2025-11-26,one2car,marketplace,,,,
ISUZU,,,2021.0,,,,105000.0,915000.0,2025-11-26,one2car,marketplace,,,,
HONDA,,,2020.0,,,,125000.0,379000.0,2025-11-26,one2car,marketplace,,,,
TOYOTA,,,2017.0,,,,95000.0,389000.0,2025-11-26,one2car,marketplace,,,,
BMW,,,2012.0,,,,145000.0,899000.0,2025-11-26,one2car,marketplace,,,,
MAZDA,,,2019.0,,,,80000.0,299000.0,2025-11-26,one2car,marketplace,,,,
BMW,,,2018.0,,,,115000.0,459000.0,2025-11-26,one2car,marketplace,,,,
MERCEDES-BENZ,,,2023.0,,,,35000.0,1859000.0,2025-11-26,one2car,marketplace,,,,
NISSAN,,,2011.0,,,,25000.0,1499000.0,2025-11-26,one2car,marketplace,,,,
TOYOTA,,,2019.0,,,,95000.0,859000.0,2025-11-26,one2car,marketplace,,,,
BMW,,,2022.0,,,,50000.0,1099000.0,2025-11-26,one2car,marketplace,,,,
HONDA,,,2018.0,,,,295000.0,409000.0,2025-11-26,one2car,marketplace,,,,
BMW,,,2019.0,,,,114876.0,769000.0,2025-11-26,one2car,marketplace,,,,
TOYOTA,,,2019.0,,,,10000.0,4799000.0,2025-11-26,one2car,marketplace,,,,
TOYOTA,,,2024.0,,,,45464.0,999000.0,2025-11-26,one2car,marketplace,,,,
MERCEDES-BENZ,,,2021.0,,,,120000.0,969000.0,2025-11-26,one2car,marketplace,,,,
MG,,,2022.0,,,,70000.0,395000.0,2025-11-26,one2car,marketplace,,,,
TOYOTA,,,2024.0,,,,15000.0,2199000.0,2025-11-26,one2car,marketplace,,,,
BMW,,,2021.0,,,,135000.0,779000.0,2025-11-26,one2car,marketplace,,,,
TOYOTA,,,2021.0,,,,62718.0,669000.0,2025-11-26,one2car,marketplace,,,,
AUDI,,,2016.0,,,,75000.0,1299000.0,2025-11-26,one2car,marketplace,,,,
MERCEDES-BENZ,,,2022.0,,,,23731.0,1655000.0,2025-11-26,one2car,marketplace,,,,
BMW,,,2018.0,,,,90000.0,1299000.0,2025-11-26,one2car,marketplace,,,,
BMW,,,2022.0,,,,105000.0,859000.0,2025-11-26,one2car,marketplace,,,,
NISSAN,,,2017.0,,,,110000.0,250000.0,2025-11-26,one2car,marketplace,,,,
BMW,,,2017.0,,,,230000.0,899000.0,2025-11-26,one2car,marketplace,,,,
MERCEDES-BENZ,,,2011.0,,,,210000.0,405000.0,2025-11-26,one2car,marketplace,,,,
HONDA,,,2019.0,,,,5000.0,655000.0,2025-11-26,one2car,marketplace,,,,
HONDA,,,2025.0,,,,10000.0,969000.0,2025-11-26,one2car,marketplace,,,,
HONDA,,,2016.0,,,,95000.0,289000.0,2025-11-26,one2car,marketplace,,,,
HYUNDAI,,,2025.0,,,,5000.0,699000.0,2025-11-26,one2car,marketplace,,,,
HONDA,,,2018.0,,,,185000.0,629000.0,2025-11-26,one2car,marketplace,,,,
TOYOTA,,,2012.0,,,,175000.0,249000.0,2025-11-26,one2car,marketplace,,,,
FORD,,,2017.0,,,,185000.0,539000.0,2025-11-26,one2car,marketplace,,,,
MERCEDES-BENZ,,,2016.0,,,,20000.0,600000.0,2025-11-26,one2car,marketplace,,,,
MAZDA,,,2013.0,,,,105000.0,139000.0,2025-11-26,one2car,marketplace,,,,
TOYOTA,,,2021.0,,,,50000.0,639000.0,2025-11-26,one2car,marketplace,,,,
TOYOTA,,,2013.0,,,,318546.0,299000.0,2025-11-26,one2car,marketplace,,,,
TOYOTA,,,2023.0,,,,30000.0,759000.0,2025-11-26,one2car,marketplace,,,,
HONDA,,,2023.0,,,,45000.0,499000.0,2025-11-26,one2car,marketplace,,,,
MAZDA,,,2019.0,,,,75000.0,295000.0,2025-11-26,one2car,marketplace,,,,
LEXUS,,,2014.0,,,,73000.0,,2025-11-26,one2car,marketplace,,,,
HYUNDAI,,,2019.0,,,,83000.0,799000.0,2025-11-26,one2car,marketplace,,,,
MAZDA,,,2016.0,,,,100000.0,270000.0,2025-11-26,one2car,marketplace,,,,
TOYOTA,,,2016.0,,,,173000.0,1390000.0,2025-11-26,one2car,marketplace,,,,
ISUZU,,,2016.0,,,,129000.0,319000.0,2025-11-26,one2car,marketplace,,,,
TOYOTA,,,2020.0,,,,115000.0,1099000.0,2025-11-26,one2car,marketplace,,,,
HONDA,,,2016.0,,,,119000.0,459000.0,2025-11-26,one2car,marketplace,,,,
BMW,,,2018.0,,,,99500.0,739000.0,2025-11-26,one2car,marketplace,,,,
HONDA,,,2017.0,,,,124000.0,479000.0,2025-11-26,one2car,marketplace,,,,
TOYOTA,,,2017.0,,,,110000.0,759000.0,2025-11-26,one2car,marketplace,,,,
TOYOTA,,,2021.0,,,,55000.0,1100000.0,2025-11-26,one2car,marketplace,,,,
MITSUBISHI,,,2021.0,,,,50000.0,899000.0,2025-11-26,one2car,marketplace,,,,
TOYOTA,,,2021.0,,,,65000.0,1190000.0,2025-11-26,one2car,marketplace,,,,
TOYOTA,,,2019.0,,,,260000.0,699000.0,2025-11-26,one2car,marketplace,,,,
HONDA,,,2017.0,,,,95000.0,545000.0,2025-11-26,one2car,marketplace,,,,
ISUZU,,,2023.0,,,,50000.0,645000.0,2025-11-26,one2car,marketplace,,,,
HONDA,,,2023.0,,,,75000.0,859000.0,2025-11-26,one2car,marketplace,,,,
FORD,,,2022.0,,,,85000.0,749000.0,2025-11-26,one2car,marketplace,,,,
TOYOTA,,,2023.0,,,,50000.0,1290000.0,2025-11-26,one2car,marketplace,,,,
BMW,,,2024.0,,,,40000.0,2090000.0,2025-11-26,one2car,marketplace,,,,
TOYOTA,,,2020.0,,,,100000.0,899000.0,2025-11-26,one2car,marketplace,,,,
MITSUBISHI,,,2018.0,,,,90000.0,138000.0,2025-11-26,one2car,marketplace,,,,
TOYOTA,,,2020.0,,,,80000.0,479000.0,2025-11-26,one2car,marketplace,,,,
TOYOTA,,,2020.0,,,,140000.0,699000.0,2025-11-26,one2car,marketplace,,,,
TOYOTA,,,2024.0,,,,35000.0,2550000.0,2025-11-26,one2car,marketplace,,,,
TOYOTA,,,2018.0,,,,100000.0,979000.0,2025-11-26,one2car,marketplace,,,,
TOYOTA,,,2011.0,,,,130000.0,150000.0,2025-11-26,one2car,marketplace,,,,
TOYOTA,,,2022.0,,,,55000.0,899000.0,2025-11-26,one2car,marketplace,,,,
MERCEDES-BENZ,,,2024.0,,,,10000.0,3550000.0,2025-11-26,one2car,marketplace,,,,
MERCEDES-BENZ,,,2017.0,,,,185000.0,1095000.0,2025-11-26,one2car,marketplace,,,,
TOYOTA,,,2021.0,,,,85000.0,800000.0,2025-11-26,one2car,marketplace,,,,
HONDA,,,2009.0,,,,205000.0,169000.0,2025-11-26,one2car,marketplace,,,,
TOYOTA,,,2019.0,,,,105000.0,370000.0,2025-11-26,one2car,marketplace,,,,
TOYOTA,,,2008.0,,,,225000.0,99000.0,2025-11-26,one2car,marketplace,,,,
MERCEDES-BENZ,,,2018.0,,,,140000.0,1190000.0,2025-11-26,one2car,marketplace,,,,
NISSAN,,,2013.0,,,,200000.0,160000.0,2025-11-26,one2car,marketplace,,,,
HONDA,,,2009.0,,,,165000.0,185000.0,2025-11-26,one2car,marketplace,,,,
HAVAL,,,2021.0,,,,35000.0,690000.0,2025-11-26,one2car,marketplace,,,,
HONDA,,,2016.0,,,,155000.0,259000.0,2025-11-26,one2car,marketplace,,,,
TOYOTA,,,2005.0,,,,280000.0,69999.0,2025-11-26,one2car,marketplace,,,,
MERCEDES-BENZ,,,2025.0,,,,175000.0,1499000.0,2025-11-26,one2car,marketplace,,,,
MERCEDES-BENZ,,,2017.0,,,,135000.0,599000.0,2025-11-26,one2car,marketplace,,,,
TOYOTA,,,2023.0,,,,50000.0,869000.0,2025-11-26,one2car,marketplace,,,,
BMW,,,2019.0,,,,130000.0,1299000.0,2025-11-26,one2car,marketplace,,,,
MERCEDES-BENZ,,,2011.0,,,,110000.0,1490000.0,2025-11-26,one2car,marketplace,,,,
ISUZU,,,2021.0,,,,65250.0,959000.0,2025-11-26,one2car,marketplace,,,,
HONDA,,,2013.0,,,,130000.0,209000.0,2025-11-26,one2car,marketplace,,,,
TOYOTA,,,2021.0,,,,1.0,408000.0,2025-11-26,one2car,marketplace,,,,
TOYOTA,,,2019.0,,,,185000.0,457000.0,2025-11-26,one2car,marketplace,,,,
MASERATI,,,2009.0,,,,40000.0,3290000.0,2025-11-26,one2car,marketplace,,,,
TOYOTA,,,2022.0,,,,58462.0,579000.0,2025-11-26,one2car,marketplace,,,,
LAND,,,2013.0,,,,95000.0,759000.0,2025-11-26,one2car,marketplace,,,,
SUBARU,,,2018.0,,,,120000.0,390000.0,2025-11-26,one2car,marketplace,,,,
FORD,,,2020.0,,,,58977.0,730000.0,2025-11-26,one2car,marketplace,,,,
MAZDA,,,2021.0,,,,5000.0,369000.0,2025-11-26,one2car,marketplace,,,,
FORD,,,2017.0,,,,10000.0,599000.0,2025-11-26,one2car,marketplace,,,,
HONDA,,,2013.0,,,,128480.0,299000.0,2025-11-26,one2car,marketplace,,,,
HONDA,,,2012.0,,,,5000.0,299000.0,2025-11-26,one2car,marketplace,,,,
FORD,,,2021.0,,,,75661.0,499000.0,2025-11-26,one2car,marketplace,,,,
HONDA,,,2005.0,,,,30000.0,79500.0,2025-11-26,one2car,marketplace,,,,
HONDA,,,2013.0,,,,210000.0,269000.0,2025-11-26,one2car,marketplace,,,,
MERCEDES-BENZ,,,2012.0,,,,170000.0,409000.0,2025-11-26,one2car,marketplace,,,,
MG,,,2021.0,,,,100000.0,389000.0,2025-11-26,one2car,marketplace,,,,
NISSAN,,,2012.0,,,,165000.0,120000.0,2025-11-26,one2car,marketplace,,,,
NISSAN,,,2011.0,,,,55955.0,1699000.0,2025-11-26,one2car,marketplace,,,,
HONDA,,,2021.0,,,,100000.0,395000.0,2025-11-26,one2car,marketplace,,,,
HONDA,,,2023.0,,,,85000.0,738000.0,2025-11-26,one2car,marketplace,,,,
NISSAN,,,2015.0,,,,25000.0,299000.0,2025-11-26,one2car,marketplace,,,,
HONDA,,,2008.0,,,,110000.0,179500.0,2025-11-26,one2car,marketplace,,,,
FORD,,,2024.0,,,,75000.0,620000.0,2025-11-26,one2car,marketplace,,,,
MERCEDES-BENZ,,,1991.0,,,,120000.0,1999000.0,2025-11-26,one2car,marketplace,,,,
TOYOTA,,,2023.0,,,,30522.0,2490000.0,2025-11-26,one2car,marketplace,,,,
MERCEDES-BENZ,,,2016.0,,,,95000.0,1890000.0,2025-11-26,one2car,marketplace,,,,
BMW,,,2018.0,,,,90000.0,1050000.0,2025-11-26,one2car,marketplace,,,,
BMW,,,2017.0,,,,115000.0,999000.0,2025-11-26,one2car,marketplace,,,,
MERCEDES-BENZ,,,2022.0,,,,70000.0,1490000.0,2025-11-26,one2car,marketplace,,,,
BMW,,,2016.0,,,,210000.0,650000.0,2025-11-26,one2car,marketplace,,,,
MERCEDES-BENZ,,,2018.0,,,,70000.0,690000.0,2025-11-26,one2car,marketplace,,,,
MERCEDES-BENZ,,,2018.0,,,,70000.0,1490000.0,2025-11-26,one2car,marketplace,,,,
TOYOTA,,,2020.0,,,,65000.0,2290000.0,2025-11-26,one2car,marketplace,,,,
TOYOTA,,,2019.0,,,,205000.0,355000.0,2025-11-26,one2car,marketplace,,,,
BMW,,,2018.0,,,,70000.0,989000.0,2025-11-26,one2car,marketplace,,,,
MERCEDES-BENZ,,,2020.0,,,,55000.0,1190000.0,2025-11-26,one2car,marketplace,,,,
MERCEDES-BENZ,,,2020.0,,,,80000.0,1290000.0,2025-11-26,one2car,marketplace,,,,
MERCEDES-BENZ,,,2017.0,,,,90000.0,1359000.0,2025-11-26,one2car,marketplace,,,,
MERCEDES-BENZ,,,2019.0,,,,30000.0,1759000.0,2025-11-26,one2car,marketplace,,,,
TOYOTA,,,2011.0,,,,110000.0,156000.0,2025-11-26,one2car,marketplace,,,,
HONDA,,,2019.0,,,,105000.0,439000.0,2025-11-26,one2car,marketplace,,,,
HYUNDAI,,,2017.0,,,,39579.0,799000.0,2025-11-26,one2car,marketplace,,,,
MITSUBISHI,,,2019.0,,,,110000.0,639000.0,2025-11-26,one2car,marketplace,,,,
TOYOTA,,,2019.0,,,,175000.0,949000.0,2025-11-26,one2car,marketplace,,,,
MERCEDES-BENZ,,,2023.0,,,,10000.0,4150000.0,2025-11-26,one2car,marketplace,,,,
TOYOTA,,,2016.0,,,,155000.0,1359000.0,2025-11-26,one2car,marketplace,,,,
MERCEDES-BENZ,,,2019.0,,,,105000.0,1269000.0,2025-11-26,one2car,marketplace,,,,
AUDI,,,2024.0,,,,70000.0,1899000.0,2025-11-26,one2car,marketplace,,,,
TOYOTA,,,2006.0,,,,300000.0,359000.0,2025-11-26,one2car,marketplace,,,,
HYUNDAI,,,2021.0,,,,30000.0,939000.0,2025-11-26,one2car,marketplace,,,,
MERCEDES-BENZ,,,2023.0,,,,50000.0,1389000.0,2025-11-26,one2car,marketplace,,,,
MERCEDES-BENZ,,,2022.0,,,,25000.0,2499000.0,2025-11-26,one2car,marketplace,,,,
HONDA,,,2023.0,,,,105000.0,779000.0,2025-11-26,one2car,marketplace,,,,
HONDA,,,2019.0,,,,115000.0,599000.0,2025-11-26,one2car,marketplace,,,,
MAZDA,,,2022.0,,,,56825.0,579000.0,2025-11-26,one2car,marketplace,,,,
FORD,,,2018.0,,,,215000.0,530000.0,2025-11-26,one2car,marketplace,,,,
MAZDA,,,2018.0,,,,94613.0,438000.0,2025-11-26,one2car,marketplace,,,,
BMW,,,2021.0,,,,159375.0,728000.0,2025-11-26,one2car,marketplace,,,,
HONDA,,,2020.0,,,,71895.0,558000.0,2025-11-26,one2car,marketplace,,,,
HONDA,,,2021.0,,,,62534.0,738000.0,2025-11-26,one2car,marketplace,,,,
BMW,,,2022.0,,,,60000.0,1199000.0,2025-11-26,one2car,marketplace,,,,
HONDA,,,2020.0,,,,120000.0,788000.0,2025-11-26,one2car,marketplace,,,,
BMW,,,2021.0,,,,50000.0,1149000.0,2025-11-26,one2car,marketplace,,,,
MERCEDES-BENZ,,,2015.0,,,,128000.0,790000.0,2025-11-26,one2car,marketplace,,,,
BMW,,,2019.0,,,,85000.0,799000.0,2025-11-26,one2car,marketplace,,,,
MERCEDES-BENZ,,,2010.0,,,,149569.0,300000.0,2025-11-26,one2car,marketplace,,,,
TOYOTA,,,2017.0,,,,140000.0,519000.0,2025-11-26,one2car,marketplace,,,,
MERCEDES-BENZ,,,2020.0,,,,60000.0,1550000.0,2025-11-26,one2car,marketplace,,,,
HONDA,,,2017.0,,,,105000.0,619000.0,2025-11-26,one2car,marketplace,,,,
MAZDA,,,2018.0,,,,140000.0,499000.0,2025-11-26,one2car,marketplace,,,,
BMW,,,2022.0,,,,58000.0,1799000.0,2025-11-26,one2car,marketplace,,,,
CHEVROLET,,,2014.0,,,,25000.0,85000.0,2025-11-26,one2car,marketplace,,,,
MERCEDES-BENZ,,,2021.0,,,,75000.0,1559000.0,2025-11-26,one2car,marketplace,,,,
MITSUBISHI,,,2013.0,,,,150000.0,269000.0,2025-11-26,one2car,marketplace,,,,
TOYOTA,,,2019.0,,,,5000.0,759000.0,2025-11-26,one2car,marketplace,,,,
MITSUBISHI,,,2010.0,,,,225000.0,280000.0,2025-11-26,one2car,marketplace,,,,
TOYOTA,,,2020.0,,,,5000.0,499000.0,2025-11-26,one2car,marketplace,,,,
HONDA,,,2014.0,,,,165000.0,256000.0,2025-11-26,one2car,marketplace,,,,
TOYOTA,,,2019.0,,,,55000.0,1990000.0,2025-11-26,one2car,marketplace,,,,
MERCEDES-BENZ,,,2022.0,,,,35000.0,2650000.0,2025-11-26,one2car,marketplace,,,,
FORD,,,2018.0,,,,5000.0,299000.0,2025-11-26,one2car,marketplace,,,,
MERCEDES-BENZ,,,2016.0,,,,134000.0,950000.0,2025-11-26,one2car,marketplace,,,,
BMW,,,2023.0,,,,15000.0,3800000.0,2025-11-26,one2car,marketplace,,,,
HONDA,,,2021.0,,,,45000.0,950000.0,2025-11-26,one2car,marketplace,,,,
HONDA,,,2017.0,,,,115000.0,639000.0,2025-11-26,one2car,marketplace,,,,
TOYOTA,,,2021.0,,,,80000.0,729000.0,2025-11-26,one2car,marketplace,,,,
TOYOTA,,,2025.0,,,,10000.0,1459000.0,2025-11-26,one2car,marketplace,,,,
MERCEDES-BENZ,,,2022.0,,,,25000.0,2100000.0,2025-11-26,one2car,marketplace,,,,
FORD,,,2024.0,,,,85000.0,568000.0,2025-11-26,one2car,marketplace,,,,
FORD,,,2016.0,,,,155000.0,298500.0,2025-11-26,one2car,marketplace,,,,
TOYOTA,,,2015.0,,,,100000.0,249000.0,2025-11-26,one2car,marketplace,,,,
BMW,,,2021.0,,,,120000.0,959000.0,2025-11-26,one2car,marketplace,,,,
TOYOTA,,,2021.0,,,,165000.0,669000.0,2025-11-26,one2car,marketplace,,,,
MG,,,2020.0,,,,150000.0,288800.0,2025-11-26,one2car,marketplace,,,,
TOYOTA,,,2017.0,,,,195000.0,245000.0,2025-11-26,one2car,marketplace,,,,
HONDA,,,2017.0,,,,155000.0,549000.0,2025-11-26,one2car,marketplace,,,,
TOYOTA,,,2018.0,,,,75000.0,359000.0,2025-11-26,one2car,marketplace,,,,
TOYOTA,,,2022.0,,,,40000.0,1299000.0,2025-11-26,one2car,marketplace,,,,
VOLKSWAGEN,,,2012.0,,,,175000.0,350000.0,2025-11-26,one2car,marketplace,,,,
MERCEDES-BENZ,,,2021.0,,,,5000.0,1499000.0,2025-11-26,one2car,marketplace,,,,
MERCEDES-BENZ,,,2022.0,,,,15000.0,3190000.0,2025-11-26,one2car,marketplace,,,,
TOYOTA,,,2012.0,,,,200000.0,155000.0,2025-11-26,one2car,marketplace,,,,
TOYOTA,,,2018.0,,,,160000.0,1479000.0,2025-11-26,one2car,marketplace,,,,
TOYOTA,,,2020.0,,,,90000.0,899000.0,2025-11-26,one2car,marketplace,,,,
MERCEDES-BENZ,,,2023.0,,,,10000.0,2900000.0,2025-11-26,one2car,marketplace,,,,
TOYOTA,,,2023.0,,,,35000.0,398000.0,2025-11-26,one2car,marketplace,,,,
HONDA,,,2018.0,,,,170000.0,589000.0,2025-11-26,one2car,marketplace,,,,
MERCEDES-BENZ,,,2017.0,,,,95000.0,1499000.0,2025-11-26,one2car,marketplace,,,,
VOLVO,,,2022.0,,,,70000.0,1149000.0,2025-11-26,one2car,marketplace,,,,
MERCEDES-BENZ,,,2012.0,,,,180000.0,355000.0,2025-11-26,one2car,marketplace,,,,
MAZDA,,,2014.0,,,,175000.0,260000.0,2025-11-26,one2car,marketplace,,,,
CHEVROLET,,,2011.0,,,,130000.0,115000.0,2025-11-26,one2car,marketplace,,,,
PEUGEOT,,,2022.0,,,,40000.0,560000.0,2025-11-26,one2car,marketplace,,,,
MERCEDES-BENZ,,,2020.0,,,,70000.0,780000.0,2025-11-26,one2car,marketplace,,,,
VOLVO,,,2013.0,,,,185000.0,419000.0,2025-11-26,one2car,marketplace,,,,
HONDA,,,2013.0,,,,195000.0,229000.0,2025-11-26,one2car,marketplace,,,,
HONDA,,,2007.0,,,,150000.0,165000.0,2025-11-26,one2car,marketplace,,,,
BMW,,,2015.0,,,,120000.0,420000.0,2025-11-26,one2car,marketplace,,,,
TOYOTA,,,2009.0,,,,235786.0,148000.0,2025-11-26,one2car,marketplace,,,,
HONDA,,,2015.0,,,,155000.0,308000.0,2025-11-26,one2car,marketplace,,,,
HONDA,,,2009.0,,,,180000.0,209000.0,2025-11-26,one2car,marketplace,,,,
BMW,,,2020.0,,,,20000.0,4990000.0,2025-11-26,one2car,marketplace,,,,
NISSAN,,,1988.0,,,,260000.0,39500.0,2025-11-26,one2car,marketplace,,,,
BMW,,,2019.0,,,,97800.0,799000.0,2025-11-26,one2car,marketplace,,,,
TOYOTA,,,2008.0,,,,240000.0,125000.0,2025-11-26,one2car,marketplace,,,,
BMW,,,2023.0,,,,30000.0,3990000.0,2025-11-26,one2car,marketplace,,,,
MAZDA,,,2017.0,,,,112800.0,260000.0,2025-11-26,one2car,marketplace,,,,
MITSUBISHI,,,2016.0,,,,20000.0,349000.0,2025-11-26,one2car,marketplace,,,,
ISUZU,,,2003.0,,,,25000.0,159000.0,2025-11-26,one2car,marketplace,,,,
HONDA,,,2017.0,,,,25000.0,499000.0,2025-11-26,one2car,marketplace,,,,
BMW,,,2016.0,,,,75000.0,779000.0,2025-11-26,one2car,marketplace,,,,
TOYOTA,,,2021.0,,,,150000.0,579000.0,2025-11-26,one2car,marketplace,,,,
MERCEDES-BENZ,,,2014.0,,,,30000.0,540000.0,2025-11-26,one2car,marketplace,,,,
FORD,,,2016.0,,,,160000.0,510000.0,2025-11-26,one2car,marketplace,,,,
FORD,,,2023.0,,,,45000.0,1099000.0,2025-11-26,one2car,marketplace,,,,
MAZDA,,,2020.0,,,,82336.0,629000.0,2025-11-26,one2car,marketplace,,,,
TOYOTA,,,2017.0,,,,235000.0,864000.0,2025-11-26,one2car,marketplace,,,,
MITSUBISHI,,,2016.0,,,,100000.0,159000.0,2025-11-26,one2car,marketplace,,,,
TOYOTA,,,2024.0,,,,25336.0,1129000.0,2025-11-26,one2car,marketplace,,,,
HONDA,,,2018.0,,,,100000.0,680000.0,2025-11-26,one2car,marketplace,,,,
HONDA,,,2021.0,,,,57999.0,825000.0,2025-11-26,one2car,marketplace,,,,
TOYOTA,,,2021.0,,,,85000.0,1249000.0,2025-11-26,one2car,marketplace,,,,
BMW,,,2014.0,,,,100000.0,990000.0,2025-11-26,one2car,marketplace,,,,
FORD,,,2022.0,,,,5000.0,579000.0,2025-11-26,one2car,marketplace,,,,
FORD,,,2020.0,,,,215000.0,709000.0,2025-11-26,one2car,marketplace,,,,
MERCEDES-BENZ,,,2022.0,,,,5000.0,4900000.0,2025-11-26,one2car,marketplace,,,,
TOYOTA,,,2021.0,,,,90000.0,1245000.0,2025-11-26,one2car,marketplace,,,,
ISUZU,,,2016.0,,,,5000.0,459000.0,2025-11-26,one2car,marketplace,,,,
TOYOTA,,,2024.0,,,,4297.0,559000.0,2025-11-26,one2car,marketplace,,,,
HONDA,,,2019.0,,,,250000.0,624000.0,2025-11-26,one2car,marketplace,,,,
TOYOTA,,,2020.0,,,,99239.0,1088000.0,2025-11-26,one2car,marketplace,,,,
HONDA,,,2019.0,,,,126207.0,649000.0,2025-11-26,one2car,marketplace,,,,
MAZDA,,,2019.0,,,,5000.0,329000.0,2025-11-26,one2car,marketplace,,,,
HONDA,,,2021.0,,,,101572.0,959000.0,2025-11-26,one2car,marketplace,,,,
TOYOTA,,,2009.0,,,,220000.0,180000.0,2025-11-26,one2car,marketplace,,,,
HONDA,,,2021.0,,,,71965.0,998000.0,2025-11-26,one2car,marketplace,,,,
BMW,,,2018.0,,,,85000.0,755000.0,2025-11-26,one2car,marketplace,,,,
HONDA,,,2023.0,,,,33016.0,898000.0,2025-11-26,one2car,marketplace,,,,
FORD,,,2019.0,,,,5000.0,499000.0,2025-11-26,one2car,marketplace,,,,
TOYOTA,,,2018.0,,,,5000.0,439000.0,2025-11-26,one2car,marketplace,,,,
BMW,,,2016.0,,,,155000.0,399000.0,2025-11-26,one2car,marketplace,,,,
FORD,,,2018.0,,,,5000.0,499000.0,2025-11-26,one2car,marketplace,,,,
ISUZU,,,2021.0,,,,5000.0,519000.0,2025-11-26,one2car,marketplace,,,,
MAZDA,,,2018.0,,,,77000.0,270000.0,2025-11-26,one2car,marketplace,,,,
TOYOTA,,,2022.0,,,,5000.0,419000.0,2025-11-26,one2car,marketplace,,,,
TOYOTA,,,2020.0,,,,5000.0,289000.0,2025-11-26,one2car,marketplace,,,,
TOYOTA,,,2019.0,,,,5000.0,299000.0,2025-11-26,one2car,marketplace,,,,
TOYOTA,,,2017.0,,,,5000.0,299000.0,2025-11-26,one2car,marketplace,,,,
TOYOTA,,,2020.0,,,,5000.0,459000.0,2025-11-26,one2car,marketplace,,,,
TOYOTA,,,2021.0,,,,5000.0,429000.0,2025-11-26,one2car,marketplace,,,,
TOYOTA,,,2018.0,,,,145000.0,669000.0,2025-11-26,one2car,marketplace,,,,
TOYOTA,,,2020.0,,,,5000.0,299000.0,2025-11-26,one2car,marketplace,,,,
TOYOTA,,,2019.0,,,,5000.0,349000.0,2025-11-26,one2car,marketplace,,,,
HONDA,,,2012.0,,,,195000.0,220000.0,2025-11-26,one2car,marketplace,,,,
TOYOTA,,,2016.0,,,,5000.0,539000.0,2025-11-26,one2car,marketplace,,,,
TOYOTA,,,2023.0,,,,5000.0,399000.0,2025-11-26,one2car,marketplace,,,,
ISUZU,,,2018.0,,,,5000.0,599000.0,2025-11-26,one2car,marketplace,,,,
HONDA,,,2020.0,,,,5000.0,799000.0,2025-11-26,one2car,marketplace,,,,
ISUZU,,,2016.0,,,,5000.0,399000.0,2025-11-26,one2car,marketplace,,,,
TOYOTA,,,2016.0,,,,5000.0,469000.0,2025-11-26,one2car,marketplace,,,,
MITSUBISHI,,,2022.0,,,,5000.0,389000.0,2025-11-26,one2car,marketplace,,,,
TOYOTA,,,2022.0,,,,5000.0,379000.0,2025-11-26,one2car,marketplace,,,,
TOYOTA,,,2015.0,,,,5000.0,449000.0,2025-11-26,one2car,marketplace,,,,
TOYOTA,,,2015.0,,,,149000.0,289000.0,2025-11-26,one2car,marketplace,,,,
PORSCHE,,,2015.0,,,,60000.0,3150000.0,2025-11-26,one2car,marketplace,,,,
ISUZU,,,2020.0,,,,100000.0,580000.0,2025-11-26,one2car,marketplace,,,,
HONDA,,,2020.0,,,,55000.0,450000.0,2025-11-26,one2car,marketplace,,,,
MAZDA,,,2015.0,,,,130000.0,321000.0,2025-11-26,one2car,marketplace,,,,
TOYOTA,,,2004.0,,,,35000.0,85000.0,2025-11-26,one2car,marketplace,,,,
TOYOTA,,,2013.0,,,,90000.0,185000.0,2025-11-26,one2car,marketplace,,,,
BMW,,,2012.0,,,,170000.0,990000.0,2025-11-26,one2car,marketplace,,,,
HONDA,,,2010.0,,,,280000.0,229000.0,2025-11-26,one2car,marketplace,,,,
MERCEDES-BENZ,,,2020.0,,,,30000.0,1590000.0,2025-11-26,one2car,marketplace,,,,
MERCEDES-BENZ,,,2017.0,,,,120000.0,1090000.0,2025-11-26,one2car,marketplace,,,,
CHEVROLET,,,2011.0,,,,146284.0,185000.0,2025-11-26,one2car,marketplace,,,,
PORSCHE,,,2020.0,,,,42465.0,1790000.0,2025-11-26,one2car,marketplace,,,,
TOYOTA,,,2011.0,,,,195000.0,210000.0,2025-11-26,one2car,marketplace,,,,
TOYOTA,,,2018.0,,,,115000.0,750000.0,2025-11-26,one2car,marketplace,,,,
MERCEDES-BENZ,,,2021.0,,,,40000.0,2350000.0,2025-11-26,one2car,marketplace,,,,
TOYOTA,,,2013.0,,,,120000.0,890000.0,2025-11-26,one2car,marketplace,,,,
TOYOTA,,,2016.0,,,,165000.0,788000.0,2025-11-26,one2car,marketplace,,,,
MINI,,,2017.0,,,,125000.0,819000.0,2025-11-26,one2car,marketplace,,,,
MERCEDES-BENZ,,,2020.0,,,,205000.0,849000.0,2025-11-26,one2car,marketplace,,,,
HONDA,,,2017.0,,,,250000.0,609000.0,2025-11-26,one2car,marketplace,,,,
TOYOTA,,,2019.0,,,,200000.0,799000.0,2025-11-26,one2car,marketplace,,,,
TOYOTA,,,2017.0,,,,185000.0,659000.0,2025-11-26,one2car,marketplace,,,,
ISUZU,,,2022.0,,,,100000.0,809000.0,2025-11-26,one2car,marketplace,,,,
HONDA,,,2019.0,,,,210000.0,409000.0,2025-11-26,one2car,marketplace,,,,
HONDA,,,2012.0,,,,200000.0,278000.0,2025-11-26,one2car,marketplace,,,,
TOYOTA,,,2023.0,,,,45000.0,579000.0,2025-11-26,one2car,marketplace,,,,
MITSUBISHI,,,2018.0,,,,98566.0,698000.0,2025-11-26,one2car,marketplace,,,,
MERCEDES-BENZ,,,2023.0,,,,45000.0,1980000.0,2025-11-26,one2car,marketplace,,,,
BMW,,,2020.0,,,,80000.0,1990000.0,2025-11-26,one2car,marketplace,,,,
HONDA,,,2024.0,,,,45000.0,1399000.0,2025-11-26,one2car,marketplace,,,,
HONDA,,,2013.0,,,,180000.0,199000.0,2025-11-26,one2car,marketplace,,,,
HONDA,,,2021.0,,,,120000.0,829000.0,2025-11-26,one2car,marketplace,,,,
TOYOTA,,,2024.0,,,,20000.0,414000.0,2025-11-26,one2car,marketplace,,,,
TOYOTA,,,2021.0,,,,1.0,969000.0,2025-11-26,one2car,marketplace,,,,
VOLKSWAGEN,,,2018.0,,,,100000.0,990000.0,2025-11-26,one2car,marketplace,,,,
BMW,,,2015.0,,,,5000.0,849000.0,2025-11-26,one2car,marketplace,,,,
MITSUBISHI,,,2021.0,,,,75000.0,349000.0,2025-11-26,one2car,marketplace,,,,
MERCEDES-BENZ,,,2016.0,,,,85000.0,849000.0,2025-11-26,one2car,marketplace,,,,
HONDA,,,2018.0,,,,70000.0,520000.0,2025-11-26,one2car,marketplace,,,,
TOYOTA,,,2021.0,,,,46080.0,1950000.0,2025-11-26,one2car,marketplace,,,,
TOYOTA,,,2015.0,,,,170000.0,1450000.0,2025-11-26,one2car,marketplace,,,,
BMW,,,2011.0,,,,190000.0,850000.0,2025-11-26,one2car,marketplace,,,,
MERCEDES-BENZ,,,2015.0,,,,60000.0,1090000.0,2025-11-26,one2car,marketplace,,,,
TOYOTA,FORTUNER,2.8 V 4WD,2021.0,Auto,2.8L Diesel,White,45000.0,1250000.0,15/1/2025,rthbaan.com,marketplace,https://example.com,EXT123,FORTUNER,
HONDA,CIVIC,RS,2022.0,Auto,1.5L Turbo,Black,25000.0,950000.0,2025-11-26,CarOnlineMarket,marketplace,,,CIVIC,
TOYOTA,CAMRY,2.5 Hybrid,2020.0,Auto,2.5L Hybrid,Silver,60000.0,850000.0,2025-11-26,OnePrice Auction,auction,,,CAMRY,
